,timestamp,capacity_last_metric_bolt,capacity_elastic_search_bolt,pre_Message_dispatcher_bolt,check_message_bolt,message_dispatcher_bolt,metric_bolt,group_status_information_bolt,Real_time_merger_bolt
45683,04/28/22 02:59 PM,0.824,0.009,0.0069999999999999,0.342,0.475,0.647,0.665,0.002
45684,04/28/22 03:00 PM,0.822,0.009,0.0069999999999999,0.34,0.482,0.671,0.662,0.002
45685,04/28/22 03:01 PM,0.829,0.01,0.0069999999999999,0.346,0.475,0.658,0.659,0.002
45686,04/28/22 03:02 PM,0.838,0.011,0.0069999999999999,0.346,0.467,0.663,0.655,0.002
45687,04/28/22 03:03 PM,0.829,0.01,0.0069999999999999,0.348,0.461,0.664,0.653,0.002
45688,04/28/22 03:04 PM,0.829,0.009,0.008,0.348,0.465,0.652,0.661,0.002
45689,04/28/22 03:05 PM,0.831,0.009,0.008,0.353,0.467,0.662,0.672,0.002
45690,04/28/22 03:06 PM,0.829,0.01,0.008,0.35,0.462,0.657,0.669,0.002
45691,04/28/22 03:07 PM,0.829,0.01,0.008,0.353,0.467,0.642,0.68,0.002
45692,04/28/22 03:08 PM,0.829,0.011,0.008,0.354,0.465,0.656,0.68,0.002
45693,04/28/22 03:09 PM,0.834,0.011,0.008,0.362,0.472,0.663,0.675,0.002
45694,04/28/22 03:10 PM,0.827,0.01,0.008,0.362,0.462,0.663,0.666,0.002
45695,04/28/22 03:11 PM,0.831,0.009,0.008,0.361,0.494,0.662,0.669,0.002
45696,04/28/22 03:12 PM,0.834,0.01,0.008,0.349,0.492,0.663,0.678,0.002
45697,04/28/22 03:13 PM,0.841,0.01,0.0069999999999999,0.352,0.503,0.674,0.659,0.002
45698,04/28/22 03:14 PM,0.849,0.01,0.0069999999999999,0.354,0.515,0.674,0.653,0.002
45699,04/28/22 03:15 PM,0.834,0.01,0.0069999999999999,0.361,0.519,0.68,0.669,0.002
45700,04/28/22 03:16 PM,0.845,0.01,0.0069999999999999,0.359,0.512,0.676,0.668,0.002
45701,04/28/22 03:17 PM,0.867,0.011,0.0069999999999999,0.354,0.502,0.692,0.674,0.002
45702,04/28/22 03:18 PM,0.863,0.011,0.0069999999999999,0.364,0.492,0.724,0.667,0.002
45703,04/28/22 03:19 PM,0.858,0.011,0.0069999999999999,0.361,0.489,0.721,0.674,0.002
45704,04/28/22 03:20 PM,0.843,0.01,0.0069999999999999,0.344,0.488,0.702,0.675,0.002
45705,04/28/22 03:21 PM,0.832,0.011,0.006,0.348,0.471,0.702,0.671,0.002
45706,04/28/22 03:22 PM,0.841,0.008,0.0069999999999999,0.351,0.466,0.692,0.67,0.002
45707,04/28/22 03:23 PM,0.835,0.009,0.0069999999999999,0.347,0.465,0.691,0.676,0.002
45708,04/28/22 03:24 PM,0.85,0.009,0.0069999999999999,0.34,0.465,0.684,0.678,0.002
45709,04/28/22 03:25 PM,0.84,0.009,0.006,0.332,0.467,0.677,0.671,0.002
45710,04/28/22 03:26 PM,0.853,0.009,0.0069999999999999,0.338,0.479,0.667,0.681,0.002
45711,04/28/22 03:27 PM,0.851,0.009,0.0069999999999999,0.343,0.473,0.653,0.663,0.002
45712,04/28/22 03:28 PM,0.827,0.009,0.0069999999999999,0.344,0.472,0.664,0.688,0.002
45713,04/28/22 03:29 PM,0.834,0.01,0.0069999999999999,0.351,0.471,0.654,0.679,0.002
45714,04/28/22 03:30 PM,0.839,0.012,0.0069999999999999,0.342,0.479,0.65,0.691,0.002
45715,04/28/22 03:31 PM,0.84,0.012,0.006,0.344,0.473,0.651,0.69,0.002
45716,04/28/22 03:32 PM,0.827,0.013,0.006,0.35,0.468,0.659,0.683,0.002
45717,04/28/22 03:33 PM,0.841,0.0139999999999999,0.0069999999999999,0.351,0.484,0.653,0.672,0.002
45718,04/28/22 03:34 PM,0.838,0.012,0.0069999999999999,0.354,0.477,0.65,0.665,0.002
45719,04/28/22 03:35 PM,0.827,0.012,0.0069999999999999,0.348,0.484,0.646,0.664,0.002
45720,04/28/22 03:36 PM,0.854,0.012,0.0069999999999999,0.349,0.47,0.656,0.675,0.002
45721,04/28/22 03:37 PM,0.849,0.013,0.0069999999999999,0.341,0.456,0.67,0.667,0.002
45722,04/28/22 03:38 PM,0.851,0.013,0.0069999999999999,0.344,0.467,0.662,0.661,0.002
45723,04/28/22 03:39 PM,0.865,0.013,0.0069999999999999,0.35,0.471,0.645,0.664,0.002
45724,04/28/22 03:40 PM,0.846,0.009,0.0069999999999999,0.343,0.477,0.641,0.654,0.002
45725,04/28/22 03:41 PM,0.84,0.009,0.0069999999999999,0.353,0.487,0.665,0.649,0.002
45726,04/28/22 03:42 PM,0.822,0.009,0.0069999999999999,0.347,0.492,0.657,0.663,0.002
45727,04/28/22 03:43 PM,0.835,0.008,0.006,0.345,0.513,0.675,0.662,0.003
45728,04/28/22 03:44 PM,0.829,0.0069999999999999,0.006,0.341,0.506,0.691,0.66,0.002
45729,04/28/22 03:45 PM,0.837,0.008,0.0069999999999999,0.335,0.497,0.701,0.657,0.002
45730,04/28/22 03:46 PM,0.853,0.008,0.0069999999999999,0.35,0.487,0.698,0.654,0.002
45731,04/28/22 03:47 PM,0.853,0.009,0.008,0.336,0.486,0.685,0.65,0.002
45732,04/28/22 03:48 PM,0.867,0.009,0.0069999999999999,0.345,0.489,0.67,0.654,0.002
45733,04/28/22 03:49 PM,0.856,0.01,0.0069999999999999,0.352,0.5,0.638,0.662,0.002
45734,04/28/22 03:50 PM,0.843,0.01,0.006,0.356,0.499,0.644,0.658,0.003
45735,04/28/22 03:51 PM,0.828,0.01,0.0069999999999999,0.351,0.506,0.655,0.657,0.002
45736,04/28/22 03:52 PM,0.829,0.01,0.008,0.341,0.493,0.661,0.663,0.002
45737,04/28/22 03:53 PM,0.827,0.011,0.008,0.35,0.492,0.664,0.657,0.002
45738,04/28/22 03:54 PM,0.822,0.011,0.008,0.35,0.494,0.658,0.652,0.002
45739,04/28/22 03:55 PM,0.821,0.011,0.008,0.362,0.502,0.657,0.657,0.002
45740,04/28/22 03:56 PM,0.828,0.011,0.0069999999999999,0.359,0.497,0.657,0.654,0.002
45741,04/28/22 03:57 PM,0.831,0.012,0.008,0.353,0.49,0.64,0.66,0.002
45742,04/28/22 03:58 PM,0.848,0.012,0.008,0.339,0.479,0.635,0.646,0.002
45743,04/28/22 03:59 PM,0.85,0.012,0.008,0.343,0.487,0.649,0.645,0.002
45744,04/28/22 04:00 PM,0.84,0.011,0.008,0.344,0.497,0.649,0.651,0.002
45745,04/28/22 04:01 PM,0.832,0.01,0.008,0.344,0.49,0.662,0.656,0.002
45746,04/28/22 04:02 PM,0.822,0.01,0.0069999999999999,0.341,0.498,0.661,0.654,0.002
45747,04/28/22 04:03 PM,0.827,0.009,0.0069999999999999,0.349,0.487,0.663,0.651,0.002
45748,04/28/22 04:04 PM,0.832,0.01,0.0069999999999999,0.346,0.483,0.662,0.646,0.002
45749,04/28/22 04:05 PM,0.843,0.01,0.0069999999999999,0.355,0.48,0.659,0.646,0.003
45750,04/28/22 04:06 PM,0.837,0.01,0.0069999999999999,0.36,0.476,0.658,0.675,0.003
45751,04/28/22 04:07 PM,0.83,0.011,0.0069999999999999,0.354,0.491,0.671,0.66,0.003
45752,04/28/22 04:08 PM,0.834,0.01,0.0069999999999999,0.37,0.481,0.668,0.654,0.003
45753,04/28/22 04:09 PM,0.821,0.01,0.0069999999999999,0.372,0.489,0.661,0.656,0.003
45754,04/28/22 04:10 PM,0.814,0.01,0.006,0.374,0.495,0.675,0.639,0.003
45755,04/28/22 04:11 PM,0.844,0.01,0.006,0.381,0.479,0.674,0.647,0.003
45756,04/28/22 04:12 PM,0.842,0.011,0.006,0.374,0.494,0.662,0.672,0.002
45757,04/28/22 04:13 PM,0.826,0.012,0.006,0.364,0.493,0.65,0.676,0.002
45758,04/28/22 04:14 PM,0.82,0.012,0.006,0.345,0.481,0.642,0.678,0.002
45759,04/28/22 04:15 PM,0.835,0.012,0.006,0.343,0.474,0.645,0.677,0.002
45760,04/28/22 04:16 PM,0.838,0.011,0.0069999999999999,0.335,0.479,0.647,0.661,0.002
45761,04/28/22 04:17 PM,0.832,0.011,0.0069999999999999,0.339,0.497,0.649,0.663,0.002
45762,04/28/22 04:18 PM,0.828,0.01,0.0069999999999999,0.345,0.501,0.65,0.679,0.002
45763,04/28/22 04:19 PM,0.83,0.01,0.008,0.334,0.504,0.642,0.687,0.002
45764,04/28/22 04:20 PM,0.834,0.01,0.008,0.33,0.511,0.646,0.692,0.002
45765,04/28/22 04:21 PM,0.814,0.011,0.008,0.343,0.516,0.657,0.687,0.002
45766,04/28/22 04:22 PM,0.816,0.01,0.008,0.352,0.486,0.655,0.716,0.002
45767,04/28/22 04:23 PM,0.816,0.01,0.008,0.349,0.49,0.676,0.705,0.002
45768,04/28/22 04:24 PM,0.818,0.01,0.008,0.346,0.495,0.652,0.69,0.002
45769,04/28/22 04:25 PM,0.809,0.01,0.008,0.342,0.496,0.653,0.661,0.002
45770,04/28/22 04:26 PM,0.812,0.011,0.008,0.346,0.489,0.655,0.665,0.002
45771,04/28/22 04:27 PM,0.802,0.011,0.0069999999999999,0.354,0.488,0.659,0.653,0.002
45772,04/28/22 04:28 PM,0.814,0.011,0.0069999999999999,0.342,0.488,0.658,0.665,0.002
45773,04/28/22 04:29 PM,0.817,0.011,0.0069999999999999,0.352,0.487,0.68,0.675,0.002
45774,04/28/22 04:30 PM,0.823,0.01,0.0069999999999999,0.351,0.49,0.671,0.666,0.002
45775,04/28/22 04:31 PM,0.827,0.01,0.0069999999999999,0.358,0.491,0.648,0.668,0.002
45776,04/28/22 04:32 PM,0.83,0.01,0.0069999999999999,0.356,0.48,0.649,0.658,0.002
45777,04/28/22 04:33 PM,0.824,0.01,0.0069999999999999,0.353,0.484,0.644,0.664,0.002
45778,04/28/22 04:34 PM,0.807,0.01,0.0069999999999999,0.353,0.48,0.638,0.645,0.002
45779,04/28/22 04:35 PM,0.816,0.009,0.006,0.345,0.476,0.644,0.642,0.002
45780,04/28/22 04:36 PM,0.838,0.008,0.0069999999999999,0.351,0.481,0.639,0.642,0.002
45781,04/28/22 04:37 PM,0.833,0.009,0.0069999999999999,0.365,0.492,0.629,0.651,0.002
45782,04/28/22 04:38 PM,0.838,0.01,0.0069999999999999,0.359,0.455,0.639,0.645,0.002
45783,04/28/22 04:39 PM,0.833,0.01,0.0069999999999999,0.339,0.461,0.636,0.639,0.002
45784,04/28/22 04:40 PM,0.857,0.008,0.008,0.335,0.466,0.65,0.63,0.002
45785,04/28/22 04:41 PM,0.844,0.009,0.008,0.351,0.462,0.641,0.637,0.002
45786,04/28/22 04:42 PM,0.825,0.009,0.0069999999999999,0.34,0.459,0.646,0.628,0.002
45787,04/28/22 04:43 PM,0.828,0.01,0.0069999999999999,0.327,0.481,0.641,0.633,0.002
45788,04/28/22 04:44 PM,0.834,0.011,0.0069999999999999,0.338,0.469,0.633,0.646,0.002
45789,04/28/22 04:45 PM,0.833,0.011,0.0069999999999999,0.335,0.484,0.646,0.651,0.002
45790,04/28/22 04:46 PM,0.833,0.012,0.008,0.343,0.471,0.657,0.667,0.002
45791,04/28/22 04:47 PM,0.839,0.011,0.008,0.345,0.478,0.654,0.672,0.002
45792,04/28/22 04:48 PM,0.826,0.01,0.008,0.338,0.457,0.646,0.669,0.002
45793,04/28/22 04:49 PM,0.827,0.01,0.008,0.348,0.456,0.641,0.679,0.002
45794,04/28/22 04:50 PM,0.825,0.01,0.008,0.347,0.459,0.649,0.671,0.002
45795,04/28/22 04:51 PM,0.831,0.009,0.0069999999999999,0.355,0.447,0.641,0.67,0.002
45796,04/28/22 04:52 PM,0.836,0.009,0.0069999999999999,0.356,0.463,0.629,0.669,0.002
45797,04/28/22 04:53 PM,0.847,0.009,0.0069999999999999,0.353,0.467,0.634,0.662,0.002
45798,04/28/22 04:54 PM,0.815,0.008,0.0069999999999999,0.34,0.471,0.619,0.637,0.002
45799,04/28/22 04:55 PM,0.806,0.008,0.008,0.343,0.473,0.606,0.643,0.002
45800,04/28/22 04:56 PM,0.802,0.009,0.008,0.349,0.48,0.601,0.633,0.002
45801,04/28/22 04:57 PM,0.811,0.009,0.008,0.349,0.465,0.617,0.626,0.002
45802,04/28/22 04:58 PM,0.811,0.008,0.0069999999999999,0.348,0.46,0.64,0.616,0.002
45803,04/28/22 04:59 PM,0.803,0.009,0.008,0.334,0.464,0.626,0.607,0.002
45804,04/28/22 05:00 PM,0.807,0.009,0.0069999999999999,0.336,0.481,0.622,0.616,0.002
45805,04/28/22 05:01 PM,0.792,0.008,0.0069999999999999,0.341,0.484,0.622,0.613,0.002
45806,04/28/22 05:02 PM,0.801,0.008,0.0069999999999999,0.339,0.463,0.62,0.639,0.002
45807,04/28/22 05:03 PM,0.804,0.008,0.0069999999999999,0.347,0.46,0.618,0.628,0.002
45808,04/28/22 05:04 PM,0.791,0.008,0.0069999999999999,0.34,0.462,0.613,0.625,0.002
45809,04/28/22 05:05 PM,0.787,0.009,0.0069999999999999,0.33,0.469,0.619,0.619,0.003
45810,04/28/22 05:06 PM,0.792,0.009,0.0069999999999999,0.321,0.461,0.618,0.613,0.003
45811,04/28/22 05:07 PM,0.782,0.01,0.0069999999999999,0.321,0.448,0.618,0.612,0.003
45812,04/28/22 05:08 PM,0.789,0.009,0.0069999999999999,0.33,0.446,0.616,0.616,0.003
45813,04/28/22 05:09 PM,0.811,0.008,0.0069999999999999,0.345,0.454,0.623,0.626,0.003
45814,04/28/22 05:10 PM,0.824,0.008,0.0069999999999999,0.348,0.459,0.621,0.628,0.003
45815,04/28/22 05:11 PM,0.8,0.008,0.0069999999999999,0.347,0.456,0.616,0.611,0.003
45816,04/28/22 05:12 PM,0.803,0.009,0.0069999999999999,0.341,0.454,0.605,0.62,0.003
45817,04/28/22 05:13 PM,0.796,0.009,0.0069999999999999,0.335,0.463,0.61,0.606,0.003
45818,04/28/22 05:14 PM,0.797,0.008,0.0069999999999999,0.34,0.449,0.607,0.619,0.003
45819,04/28/22 05:15 PM,0.801,0.009,0.0069999999999999,0.351,0.459,0.605,0.607,0.002
45820,04/28/22 05:16 PM,0.783,0.01,0.008,0.37,0.473,0.62,0.621,0.002
45821,04/28/22 05:17 PM,0.781,0.009,0.008,0.371,0.471,0.62,0.631,0.002
45822,04/28/22 05:18 PM,0.786,0.009,0.008,0.372,0.474,0.602,0.63,0.002
45823,04/28/22 05:19 PM,0.803,0.009,0.009,0.358,0.472,0.604,0.609,0.002
45824,04/28/22 05:20 PM,0.789,0.01,0.009,0.359,0.471,0.615,0.613,0.002
45825,04/28/22 05:21 PM,0.798,0.01,0.009,0.349,0.488,0.62,0.614,0.002
45826,04/28/22 05:22 PM,0.814,0.01,0.009,0.34,0.486,0.624,0.623,0.002
45827,04/28/22 05:23 PM,0.798,0.01,0.008,0.335,0.477,0.639,0.645,0.002
45828,04/28/22 05:24 PM,0.798,0.01,0.008,0.336,0.479,0.633,0.62,0.002
45829,04/28/22 05:25 PM,0.793,0.008,0.008,0.347,0.462,0.631,0.619,0.002
45830,04/28/22 05:26 PM,0.801,0.008,0.0069999999999999,0.343,0.458,0.639,0.627,0.002
45831,04/28/22 05:27 PM,0.811,0.008,0.0069999999999999,0.335,0.456,0.634,0.624,0.002
45832,04/28/22 05:28 PM,0.801,0.009,0.008,0.347,0.457,0.631,0.629,0.002
45833,04/28/22 05:29 PM,0.806,0.009,0.0069999999999999,0.339,0.452,0.622,0.633,0.002
45834,04/28/22 05:30 PM,0.813,0.009,0.0069999999999999,0.339,0.448,0.621,0.617,0.002
45835,04/28/22 05:31 PM,0.804,0.009,0.0069999999999999,0.327,0.44,0.612,0.631,0.002
45836,04/28/22 05:32 PM,0.81,0.008,0.0069999999999999,0.335,0.447,0.618,0.626,0.002
45837,04/28/22 05:33 PM,0.799,0.008,0.0069999999999999,0.339,0.465,0.631,0.634,0.002
45838,04/28/22 05:34 PM,0.793,0.0069999999999999,0.0069999999999999,0.332,0.467,0.643,0.634,0.002
45839,04/28/22 05:35 PM,0.81,0.008,0.008,0.321,0.461,0.656,0.632,0.002
45840,04/28/22 05:36 PM,0.81,0.008,0.008,0.326,0.463,0.653,0.644,0.002
45841,04/28/22 05:37 PM,0.796,0.009,0.0069999999999999,0.317,0.465,0.635,0.657,0.002
45842,04/28/22 05:38 PM,0.795,0.009,0.006,0.313,0.469,0.636,0.627,0.002
45843,04/28/22 05:39 PM,0.789,0.009,0.006,0.325,0.472,0.63,0.634,0.002
45844,04/28/22 05:40 PM,0.795,0.01,0.006,0.316,0.453,0.614,0.621,0.002
45845,04/28/22 05:41 PM,0.776,0.011,0.006,0.327,0.462,0.605,0.631,0.002
45846,04/28/22 05:42 PM,0.768,0.012,0.006,0.326,0.449,0.615,0.616,0.002
45847,04/28/22 05:43 PM,0.757,0.012,0.0069999999999999,0.326,0.443,0.61,0.613,0.002
45848,04/28/22 05:44 PM,0.786,0.013,0.0069999999999999,0.318,0.454,0.607,0.613,0.002
45849,04/28/22 05:45 PM,0.779,0.012,0.006,0.319,0.454,0.608,0.607,0.002
45850,04/28/22 05:46 PM,0.773,0.013,0.0069999999999999,0.317,0.458,0.613,0.641,0.002
45851,04/28/22 05:47 PM,0.764,0.025,0.0069999999999999,0.326,0.461,0.607,0.626,0.002
45852,04/28/22 05:48 PM,0.753,0.027,0.0069999999999999,0.327,0.459,0.601,0.616,0.002
45853,04/28/22 05:49 PM,0.771,0.026,0.0069999999999999,0.349,0.458,0.621,0.62,0.002
45854,04/28/22 05:50 PM,0.772,0.024,0.0069999999999999,0.333,0.464,0.637,0.614,0.002
45855,04/28/22 05:51 PM,0.782,0.023,0.0069999999999999,0.329,0.449,0.624,0.611,0.002
45856,04/28/22 05:52 PM,0.783,0.026,0.0069999999999999,0.319,0.458,0.626,0.608,0.002
45857,04/28/22 05:53 PM,0.785,0.024,0.0069999999999999,0.341,0.465,0.645,0.594,0.002
45858,04/28/22 05:54 PM,0.784,0.024,0.0069999999999999,0.343,0.473,0.645,0.594,0.002
45859,04/28/22 05:55 PM,0.775,0.023,0.0069999999999999,0.342,0.475,0.649,0.59,0.002
45860,04/28/22 05:56 PM,0.76,0.023,0.0069999999999999,0.335,0.475,0.655,0.585,0.002
45861,04/28/22 05:57 PM,0.783,0.023,0.0069999999999999,0.333,0.464,0.647,0.582,0.002
45862,04/28/22 05:58 PM,0.764,0.009,0.0069999999999999,0.318,0.462,0.633,0.593,0.002
45863,04/28/22 05:59 PM,0.77,0.009,0.0069999999999999,0.313,0.462,0.631,0.592,0.002
45864,04/28/22 06:00 PM,0.78,0.009,0.0069999999999999,0.325,0.464,0.623,0.588,0.002
45865,04/28/22 06:01 PM,0.792,0.009,0.0069999999999999,0.321,0.471,0.625,0.596,0.002
45866,04/28/22 06:02 PM,0.779,0.01,0.0069999999999999,0.325,0.477,0.613,0.604,0.002
45867,04/28/22 06:03 PM,0.771,0.01,0.0069999999999999,0.316,0.477,0.618,0.596,0.003
45868,04/28/22 06:04 PM,0.783,0.011,0.0069999999999999,0.312,0.476,0.61,0.614,0.003
45869,04/28/22 06:05 PM,0.762,0.011,0.0069999999999999,0.314,0.465,0.601,0.624,0.003
45870,04/28/22 06:06 PM,0.739,0.01,0.0069999999999999,0.31,0.457,0.621,0.626,0.003
45871,04/28/22 06:07 PM,0.741,0.01,0.0069999999999999,0.313,0.442,0.605,0.616,0.003
45872,04/28/22 06:08 PM,0.745,0.011,0.0069999999999999,0.315,0.427,0.579,0.603,0.003
45873,04/28/22 06:09 PM,0.756,0.009,0.0069999999999999,0.317,0.43,0.574,0.611,0.003
45874,04/28/22 06:10 PM,0.74,0.008,0.006,0.301,0.437,0.574,0.615,0.003
45875,04/28/22 06:11 PM,0.731,0.008,0.006,0.317,0.447,0.563,0.607,0.003
45876,04/28/22 06:12 PM,0.737,0.01,0.006,0.315,0.444,0.56,0.598,0.003
45877,04/28/22 06:13 PM,0.728,0.01,0.006,0.337,0.434,0.555,0.601,0.003
45878,04/28/22 06:14 PM,0.726,0.009,0.006,0.322,0.432,0.568,0.604,0.003
45879,04/28/22 06:15 PM,0.713,0.009,0.0069999999999999,0.327,0.435,0.561,0.598,0.002
45880,04/28/22 06:16 PM,0.719,0.009,0.0069999999999999,0.331,0.431,0.564,0.557,0.002
45881,04/28/22 06:17 PM,0.706,0.009,0.0069999999999999,0.323,0.441,0.567,0.552,0.002
45882,04/28/22 06:18 PM,0.708,0.008,0.0069999999999999,0.317,0.43,0.588,0.56,0.002
45883,04/28/22 06:19 PM,0.693,0.008,0.0069999999999999,0.315,0.417,0.573,0.537,0.002
45884,04/28/22 06:20 PM,0.644,0.008,0.0069999999999999,0.304,0.381,0.554,0.506,0.002
45885,04/28/22 06:21 PM,0.628,0.008,0.0069999999999999,0.277,0.371,0.541,0.497,0.002
45886,04/28/22 06:22 PM,0.586,0.008,0.0069999999999999,0.253,0.355,0.525,0.47,0.002
45887,04/28/22 06:23 PM,0.559,0.008,0.0069999999999999,0.237,0.335,0.496,0.45,0.002
45888,04/28/22 06:24 PM,0.536,0.01,0.0069999999999999,0.236,0.338,0.484,0.442,0.002
45889,04/28/22 06:25 PM,0.509,0.01,0.0069999999999999,0.227,0.326,0.465,0.413,0.002
45890,04/28/22 06:26 PM,0.494,0.01,0.006,0.225,0.314,0.461,0.422,0.002
45891,04/28/22 06:27 PM,0.452,0.009,0.006,0.226,0.306,0.446,0.382,0.002
45892,04/28/22 06:28 PM,0.435,0.01,0.0069999999999999,0.23,0.334,0.462,0.386,0.002
45893,04/28/22 06:29 PM,0.413,0.011,0.006,0.229,0.323,0.466,0.366,0.002
45894,04/28/22 06:30 PM,0.436,0.011,0.0069999999999999,0.256,0.357,0.523,0.376,0.002
45895,04/28/22 06:31 PM,0.447,0.01,0.0069999999999999,0.251,0.349,0.511,0.368,0.002
45896,04/28/22 06:32 PM,0.473,0.008,0.0069999999999999,0.266,0.37,0.536,0.373,0.002
45897,04/28/22 06:33 PM,0.447,0.008,0.0069999999999999,0.259,0.36,0.511,0.35,0.002
45898,04/28/22 06:34 PM,0.481,0.009,0.008,0.267,0.372,0.549,0.373,0.002
45899,04/28/22 06:35 PM,0.456,0.0069999999999999,0.008,0.253,0.343,0.494,0.334,0.002
45900,04/28/22 06:36 PM,0.476,0.0069999999999999,0.008,0.277,0.35,0.521,0.363,0.002
45901,04/28/22 06:37 PM,0.445,0.006,0.008,0.269,0.345,0.526,0.347,0.002
45902,04/28/22 06:38 PM,0.447,0.0069999999999999,0.008,0.276,0.358,0.521,0.364,0.002
45903,04/28/22 06:39 PM,0.448,0.0069999999999999,0.008,0.262,0.345,0.5,0.352,0.002
45904,04/28/22 06:40 PM,0.427,0.008,0.006,0.267,0.337,0.489,0.338,0.002
45905,04/28/22 06:41 PM,0.409,0.008,0.0069999999999999,0.293,0.334,0.504,0.338,0.002
45906,04/28/22 06:42 PM,0.402,0.008,0.0069999999999999,0.282,0.326,0.483,0.321,0.002
45907,04/28/22 06:43 PM,0.428,0.008,0.027,0.279,0.336,0.501,0.33,0.002
45908,04/28/22 06:44 PM,0.411,0.009,0.025,0.286,0.34,0.503,0.345,0.002
45909,04/28/22 06:45 PM,0.395,0.008,0.026,0.285,0.344,0.509,0.336,0.002
45910,04/28/22 06:46 PM,0.395,0.0069999999999999,0.024,0.28,0.338,0.478,0.337,0.002
45911,04/28/22 06:47 PM,0.364,0.0069999999999999,0.026,0.247,0.319,0.438,0.325,0.002
45912,04/28/22 06:48 PM,0.361,0.0069999999999999,0.022,0.256,0.311,0.449,0.317,0.002
45913,04/28/22 06:49 PM,0.364,0.006,0.025,0.255,0.322,0.458,0.314,0.002
45914,04/28/22 06:50 PM,0.369,0.006,0.025,0.265,0.336,0.459,0.313,0.001
45915,04/28/22 06:51 PM,0.331,0.005,0.025,0.235,0.301,0.439,0.292,0.002
45916,04/28/22 06:52 PM,0.357,0.006,0.024,0.255,0.323,0.476,0.309,0.002
45917,04/28/22 06:53 PM,0.328,0.006,0.023,0.245,0.307,0.447,0.283,0.002
45918,04/28/22 06:54 PM,0.327,0.0069999999999999,0.006,0.237,0.301,0.45,0.269,0.002
45919,04/28/22 06:55 PM,0.339,0.006,0.006,0.251,0.311,0.488,0.278,0.002
45920,04/28/22 06:56 PM,0.324,0.006,0.006,0.251,0.32,0.472,0.275,0.002
45921,04/28/22 06:57 PM,0.335,0.0069999999999999,0.006,0.273,0.333,0.498,0.283,0.002
45922,04/28/22 06:58 PM,0.317,0.006,0.0069999999999999,0.266,0.319,0.493,0.271,0.002
45923,04/28/22 06:59 PM,0.352,0.0069999999999999,0.0069999999999999,0.277,0.352,0.512,0.286,0.002
45924,04/28/22 07:00 PM,0.323,0.0069999999999999,0.0069999999999999,0.251,0.319,0.479,0.275,0.002
45925,04/28/22 07:01 PM,0.355,0.0069999999999999,0.0069999999999999,0.273,0.344,0.51,0.29,0.002
45926,04/28/22 07:02 PM,0.34,0.0069999999999999,0.0069999999999999,0.261,0.339,0.518,0.266,0.002
45927,04/28/22 07:03 PM,0.351,0.009,0.0069999999999999,0.274,0.342,0.511,0.266,0.002
45928,04/28/22 07:04 PM,0.357,0.005,0.008,0.29,0.383,0.547,0.284,0.002
45929,04/28/22 07:05 PM,0.361,0.006,0.008,0.295,0.386,0.553,0.283,0.002
45930,04/28/22 07:06 PM,0.357,0.01,0.008,0.286,0.422,0.535,0.29,0.002
45931,04/28/22 07:07 PM,0.377,0.011,0.008,0.292,0.419,0.553,0.302,0.002
45932,04/28/22 07:08 PM,0.36,0.011,0.0069999999999999,0.276,0.4,0.536,0.286,0.002
45933,04/28/22 07:09 PM,0.36,0.011,0.025,0.285,0.397,0.532,0.294,0.002
45934,04/28/22 07:10 PM,0.362,0.008,0.024,0.277,0.391,0.525,0.291,0.002
45935,04/28/22 07:11 PM,0.351,0.008,0.025,0.273,0.37,0.483,0.278,0.002
45936,04/28/22 07:12 PM,0.369,0.008,0.023,0.268,0.357,0.485,0.293,0.002
45937,04/28/22 07:13 PM,0.371,0.008,0.024,0.262,0.359,0.466,0.291,0.002
45938,04/28/22 07:14 PM,0.353,0.0069999999999999,0.024,0.242,0.327,0.451,0.289,0.002
45939,04/28/22 07:15 PM,0.356,0.0069999999999999,0.023,0.227,0.303,0.423,0.287,0.002
45940,04/28/22 07:16 PM,0.344,0.006,0.023,0.235,0.282,0.423,0.304,0.002
45941,04/28/22 07:17 PM,0.324,0.006,0.023,0.233,0.272,0.42,0.283,0.002
45942,04/28/22 07:18 PM,0.34,0.006,0.022,0.255,0.303,0.457,0.308,0.002
45943,04/28/22 07:19 PM,0.314,0.006,0.006,0.225,0.298,0.433,0.276,0.002
45944,04/28/22 07:20 PM,0.338,0.006,0.0069999999999999,0.242,0.308,0.451,0.286,0.002
45945,04/28/22 07:21 PM,0.343,0.006,0.0069999999999999,0.255,0.319,0.467,0.283,0.002
45946,04/28/22 07:22 PM,0.329,0.003,0.0069999999999999,0.242,0.321,0.477,0.258,0.002
45947,04/28/22 07:23 PM,0.37,0.004,0.008,0.258,0.357,0.519,0.288,0.002
45948,04/28/22 07:24 PM,0.339,0.004,0.0069999999999999,0.253,0.346,0.504,0.274,0.002
45949,04/28/22 07:25 PM,0.404,0.004,0.008,0.277,0.398,0.561,0.325,0.002
45950,04/28/22 07:26 PM,0.391,0.004,0.008,0.273,0.39,0.534,0.312,0.002
45951,04/28/22 07:27 PM,0.427,0.004,0.008,0.287,0.4,0.577,0.334,0.002
45952,04/28/22 07:28 PM,0.396,0.004,0.008,0.282,0.393,0.558,0.319,0.002
45953,04/28/22 07:29 PM,0.418,0.005,0.008,0.305,0.414,0.598,0.357,0.002
45954,04/28/22 07:30 PM,0.419,0.005,0.0069999999999999,0.321,0.43,0.603,0.339,0.002
45955,04/28/22 07:31 PM,0.415,0.005,0.008,0.339,0.431,0.594,0.352,0.002
45956,04/28/22 07:32 PM,0.423,0.005,0.008,0.342,0.424,0.597,0.364,0.002
45957,04/28/22 07:33 PM,0.409,0.004,0.008,0.346,0.426,0.601,0.349,0.002
45958,04/28/22 07:34 PM,0.391,0.004,0.008,0.322,0.405,0.568,0.316,0.002
45959,04/28/22 07:35 PM,0.371,0.004,0.008,0.298,0.453,0.595,0.301,0.002
45960,04/28/22 07:36 PM,0.385,0.005,0.008,0.304,0.457,0.583,0.315,0.002
45961,04/28/22 07:37 PM,0.369,0.005,0.008,0.288,0.448,0.583,0.304,0.002
45962,04/28/22 07:38 PM,0.391,0.005,0.008,0.314,0.478,0.609,0.334,0.002
45963,04/28/22 07:39 PM,0.375,0.004,0.0069999999999999,0.288,0.428,0.562,0.3,0.002
45964,04/28/22 07:40 PM,0.398,0.004,0.008,0.303,0.459,0.565,0.307,0.002
45965,04/28/22 07:41 PM,0.367,0.003,0.0069999999999999,0.289,0.433,0.533,0.285,0.002
45966,04/28/22 07:42 PM,0.393,0.003,0.0069999999999999,0.304,0.446,0.563,0.337,0.002
45967,04/28/22 07:43 PM,0.373,0.003,0.008,0.298,0.435,0.556,0.308,0.002
45968,04/28/22 07:44 PM,0.407,0.002,0.0069999999999999,0.31,0.45,0.583,0.332,0.002
45969,04/28/22 07:45 PM,0.367,0.003,0.0069999999999999,0.279,0.406,0.554,0.3,0.002
45970,04/28/22 07:46 PM,0.393,0.003,0.0069999999999999,0.28,0.415,0.55,0.321,0.002
45971,04/28/22 07:47 PM,0.387,0.004,0.008,0.3,0.413,0.539,0.303,0.002
45972,04/28/22 07:48 PM,0.395,0.005,0.0069999999999999,0.318,0.401,0.569,0.314,0.003
45973,04/28/22 07:49 PM,0.39,0.005,0.008,0.32,0.403,0.574,0.314,0.003
45974,04/28/22 07:50 PM,0.386,0.005,0.008,0.322,0.408,0.596,0.296,0.003
45975,04/28/22 07:51 PM,0.426,0.004,0.008,0.343,0.423,0.626,0.333,0.003
45976,04/28/22 07:52 PM,0.392,0.005,0.008,0.322,0.392,0.587,0.295,0.002
45977,04/28/22 07:53 PM,0.387,0.005,0.009,0.333,0.397,0.599,0.328,0.002
45978,04/28/22 07:54 PM,0.393,0.0069999999999999,0.008,0.333,0.39,0.586,0.329,0.002
45979,04/28/22 07:55 PM,0.379,0.006,0.009,0.335,0.386,0.586,0.301,0.002
45980,04/28/22 07:56 PM,0.401,0.006,0.008,0.355,0.4,0.61,0.32,0.002
45981,04/28/22 07:57 PM,0.379,0.006,0.008,0.33,0.383,0.585,0.308,0.002
45982,04/28/22 07:58 PM,0.358,0.0069999999999999,0.008,0.334,0.414,0.599,0.287,0.003
45983,04/28/22 07:59 PM,0.366,0.006,0.009,0.322,0.426,0.607,0.293,0.003
45984,04/28/22 08:00 PM,0.355,0.006,0.008,0.308,0.401,0.572,0.269,0.003
45985,04/28/22 08:01 PM,0.342,0.006,0.008,0.303,0.399,0.562,0.282,0.003
45986,04/28/22 08:02 PM,0.34,0.006,0.009,0.312,0.414,0.596,0.288,0.003
45987,04/28/22 08:03 PM,0.337,0.006,0.009,0.307,0.408,0.583,0.265,0.003
45988,04/28/22 08:04 PM,0.353,0.006,0.009,0.304,0.415,0.603,0.285,0.003
45989,04/28/22 08:05 PM,0.369,0.005,0.009,0.309,0.416,0.61,0.27,0.003
45990,04/28/22 08:06 PM,0.349,0.005,0.009,0.301,0.396,0.583,0.271,0.002
45991,04/28/22 08:07 PM,0.377,0.005,0.01,0.324,0.433,0.63,0.277,0.003
45992,04/28/22 08:08 PM,0.34,0.005,0.009,0.312,0.406,0.608,0.267,0.003
45993,04/28/22 08:09 PM,0.341,0.005,0.01,0.314,0.417,0.617,0.272,0.002
45994,04/28/22 08:10 PM,0.365,0.006,0.01,0.347,0.465,0.661,0.29,0.002
45995,04/28/22 08:11 PM,0.345,0.005,0.01,0.342,0.445,0.653,0.278,0.002
45996,04/28/22 08:12 PM,0.368,0.006,0.01,0.36,0.467,0.685,0.283,0.002
45997,04/28/22 08:13 PM,0.397,0.006,0.008,0.377,0.494,0.681,0.306,0.003
45998,04/28/22 08:14 PM,0.401,0.006,0.008,0.37,0.486,0.661,0.318,0.003
45999,04/28/22 08:15 PM,0.374,0.005,0.008,0.372,0.467,0.649,0.307,0.003
46000,04/28/22 08:16 PM,0.354,0.005,0.0069999999999999,0.346,0.442,0.619,0.279,0.003
46001,04/28/22 08:17 PM,0.357,0.006,0.008,0.347,0.449,0.622,0.293,0.003
46002,04/28/22 08:18 PM,0.366,0.006,0.008,0.361,0.473,0.645,0.324,0.003
46003,04/28/22 08:19 PM,0.4,0.006,0.008,0.36,0.473,0.642,0.339,0.003
46004,04/28/22 08:20 PM,0.371,0.006,0.008,0.353,0.464,0.632,0.308,0.003
46005,04/28/22 08:21 PM,0.405,0.0069999999999999,0.008,0.367,0.484,0.651,0.339,0.003
46006,04/28/22 08:22 PM,0.377,0.0069999999999999,0.008,0.347,0.453,0.607,0.303,0.003
46007,04/28/22 08:23 PM,0.384,0.0069999999999999,0.008,0.347,0.456,0.642,0.324,0.003
46008,04/28/22 08:24 PM,0.36,0.0069999999999999,0.0069999999999999,0.335,0.434,0.582,0.29,0.003
46009,04/28/22 08:25 PM,0.413,0.0069999999999999,0.008,0.338,0.456,0.634,0.316,0.003
46010,04/28/22 08:26 PM,0.409,0.0069999999999999,0.008,0.329,0.438,0.62,0.313,0.003
46011,04/28/22 08:26 PM,0.425,0.008,0.008,0.341,0.46,0.63,0.337,0.003
46012,04/28/22 08:27 PM,0.382,0.0069999999999999,0.008,0.337,0.451,0.626,0.3,0.003
46013,04/28/22 08:28 PM,0.39,0.005,0.008,0.351,0.467,0.659,0.314,0.003
46014,04/28/22 08:29 PM,0.403,0.005,0.008,0.359,0.448,0.646,0.313,0.003
46015,04/28/22 08:30 PM,0.394,0.004,0.009,0.355,0.458,0.625,0.324,0.003
46016,04/28/22 08:31 PM,0.405,0.004,0.009,0.367,0.476,0.657,0.332,0.003
46017,04/28/22 08:32 PM,0.371,0.003,0.008,0.348,0.46,0.645,0.28,0.002
46018,04/28/22 08:33 PM,0.431,0.004,0.009,0.406,0.519,0.716,0.326,0.002
46019,04/28/22 08:34 PM,0.38,0.003,0.008,0.36,0.466,0.638,0.285,0.002
46020,04/28/22 08:35 PM,0.42,0.006,0.01,0.398,0.502,0.707,0.322,0.003
46021,04/28/22 08:36 PM,0.37,0.0069999999999999,0.009,0.393,0.509,0.69,0.291,0.002
46022,04/28/22 08:37 PM,0.428,0.008,0.01,0.392,0.518,0.694,0.34,0.002
46023,04/28/22 08:38 PM,0.4,0.0069999999999999,0.009,0.388,0.526,0.675,0.305,0.002
46024,04/28/22 08:39 PM,0.444,0.006,0.009,0.392,0.529,0.704,0.335,0.002
46025,04/28/22 08:40 PM,0.374,0.006,0.009,0.382,0.511,0.696,0.294,0.002
46026,04/28/22 08:41 PM,0.391,0.006,0.01,0.368,0.504,0.701,0.31,0.002
46027,04/28/22 08:42 PM,0.398,0.0069999999999999,0.01,0.375,0.526,0.732,0.331,0.003
46028,04/28/22 08:43 PM,0.378,0.0069999999999999,0.009,0.372,0.531,0.73,0.321,0.003
46029,04/28/22 08:44 PM,0.431,0.0069999999999999,0.01,0.403,0.562,0.758,0.327,0.003
46030,04/28/22 08:45 PM,0.416,0.0069999999999999,0.01,0.4,0.551,0.749,0.298,0.003
46031,04/28/22 08:46 PM,0.436,0.0069999999999999,0.01,0.396,0.552,0.733,0.309,0.003
46032,04/28/22 08:47 PM,0.403,0.0069999999999999,0.01,0.383,0.525,0.71,0.272,0.003
46033,04/28/22 08:48 PM,0.39,0.006,0.01,0.363,0.523,0.689,0.282,0.003
46034,04/28/22 08:49 PM,0.362,0.006,0.01,0.364,0.516,0.697,0.274,0.003
46035,04/28/22 08:50 PM,0.397,0.006,0.01,0.361,0.528,0.704,0.311,0.004
46036,04/28/22 08:51 PM,0.372,0.005,0.009,0.347,0.524,0.697,0.291,0.004
46037,04/28/22 08:52 PM,0.399,0.005,0.008,0.352,0.521,0.7,0.312,0.003
46038,04/28/22 08:53 PM,0.341,0.004,0.008,0.33,0.472,0.646,0.279,0.003
46039,04/28/22 08:54 PM,0.374,0.005,0.009,0.347,0.482,0.668,0.322,0.003
46040,04/28/22 08:55 PM,0.357,0.005,0.008,0.342,0.472,0.665,0.302,0.004
46041,04/28/22 08:56 PM,0.397,0.0069999999999999,0.008,0.351,0.501,0.696,0.331,0.003
46042,04/28/22 08:57 PM,0.413,0.0069999999999999,0.009,0.35,0.508,0.707,0.326,0.003
46043,04/28/22 08:58 PM,0.407,0.0069999999999999,0.009,0.358,0.515,0.722,0.327,0.003
46044,04/28/22 08:59 PM,0.406,0.0069999999999999,0.009,0.377,0.525,0.726,0.315,0.003
46045,04/28/22 09:00 PM,0.417,0.0069999999999999,0.009,0.353,0.505,0.702,0.312,0.003
46046,04/28/22 09:01 PM,0.417,0.0069999999999999,0.009,0.35,0.484,0.666,0.332,0.003
46047,04/28/22 09:02 PM,0.419,0.006,0.009,0.349,0.484,0.67,0.302,0.002
46048,04/28/22 09:03 PM,0.43,0.006,0.009,0.346,0.484,0.68,0.316,0.002
46049,04/28/22 09:04 PM,0.419,0.0069999999999999,0.009,0.353,0.487,0.7,0.305,0.002
46050,04/28/22 09:05 PM,0.407,0.0069999999999999,0.009,0.346,0.489,0.655,0.311,0.003
46051,04/28/22 09:06 PM,0.441,0.006,0.011,0.364,0.495,0.657,0.311,0.003
46052,04/28/22 09:07 PM,0.416,0.005,0.011,0.342,0.473,0.652,0.301,0.004
46053,04/28/22 09:08 PM,0.428,0.005,0.011,0.357,0.492,0.69,0.325,0.004
46054,04/28/22 09:09 PM,0.416,0.005,0.011,0.337,0.477,0.656,0.321,0.004
46055,04/28/22 09:10 PM,0.4,0.005,0.01,0.362,0.503,0.674,0.324,0.004
46056,04/28/22 09:11 PM,0.411,0.005,0.01,0.402,0.524,0.705,0.327,0.004
46057,04/28/22 09:12 PM,0.382,0.005,0.01,0.397,0.52,0.665,0.299,0.004
46058,04/28/22 09:13 PM,0.408,0.004,0.01,0.414,0.584,0.702,0.323,0.004
46059,04/28/22 09:14 PM,0.362,0.005,0.009,0.404,0.543,0.661,0.288,0.004
46060,04/28/22 09:15 PM,0.399,0.005,0.01,0.424,0.577,0.718,0.321,0.004
46061,04/28/22 09:16 PM,0.366,0.005,0.009,0.416,0.56,0.695,0.296,0.003
46062,04/28/22 09:17 PM,0.405,0.005,0.009,0.448,0.58,0.73,0.328,0.002
46063,04/28/22 09:18 PM,0.371,0.004,0.009,0.426,0.557,0.693,0.305,0.002
46064,04/28/22 09:19 PM,0.413,0.004,0.009,0.447,0.581,0.742,0.328,0.003
46065,04/28/22 09:20 PM,0.4,0.005,0.009,0.41,0.545,0.69,0.312,0.003
46066,04/28/22 09:21 PM,0.409,0.005,0.008,0.399,0.52,0.686,0.32,0.002
46067,04/28/22 09:22 PM,0.447,0.005,0.008,0.373,0.526,0.685,0.35,0.003
46068,04/28/22 09:23 PM,0.389,0.004,0.009,0.365,0.514,0.666,0.297,0.003
46069,04/28/22 09:24 PM,0.444,0.006,0.009,0.38,0.528,0.711,0.335,0.003
46070,04/28/22 09:25 PM,0.387,0.003,0.008,0.348,0.483,0.646,0.293,0.002
46071,04/28/22 09:26 PM,0.435,0.004,0.008,0.358,0.496,0.668,0.326,0.002
46072,04/28/22 09:27 PM,0.39,0.004,0.008,0.335,0.472,0.624,0.3,0.002
46073,04/28/22 09:28 PM,0.412,0.006,0.008,0.33,0.465,0.63,0.307,0.002
46074,04/28/22 09:29 PM,0.387,0.008,0.008,0.325,0.471,0.619,0.28,0.002
46075,04/28/22 09:30 PM,0.414,0.008,0.008,0.333,0.48,0.632,0.297,0.002
46076,04/28/22 09:31 PM,0.372,0.0069999999999999,0.009,0.352,0.49,0.668,0.296,0.002
46077,04/28/22 09:32 PM,0.354,0.0069999999999999,0.009,0.349,0.481,0.634,0.283,0.002
46078,04/28/22 09:33 PM,0.373,0.0069999999999999,0.009,0.358,0.492,0.656,0.301,0.002
46079,04/28/22 09:34 PM,0.36,0.006,0.009,0.363,0.494,0.656,0.306,0.002
46080,04/28/22 09:35 PM,0.374,0.006,0.009,0.376,0.519,0.698,0.306,0.003
46081,04/28/22 09:36 PM,0.394,0.0069999999999999,0.009,0.383,0.533,0.711,0.314,0.003
46082,04/28/22 09:37 PM,0.376,0.0069999999999999,0.008,0.358,0.493,0.661,0.29,0.002
46083,04/28/22 09:38 PM,0.411,0.0069999999999999,0.008,0.371,0.489,0.669,0.313,0.003
46084,04/28/22 09:39 PM,0.392,0.0069999999999999,0.008,0.34,0.438,0.599,0.284,0.002
46085,04/28/22 09:40 PM,0.416,0.0069999999999999,0.008,0.349,0.451,0.634,0.3,0.002
46086,04/28/22 09:41 PM,0.407,0.006,0.0069999999999999,0.347,0.437,0.612,0.289,0.002
46087,04/28/22 09:42 PM,0.427,0.0069999999999999,0.0069999999999999,0.361,0.469,0.628,0.286,0.002
46088,04/28/22 09:43 PM,0.422,0.009,0.0069999999999999,0.377,0.481,0.644,0.309,0.002
46089,04/28/22 09:44 PM,0.396,0.009,0.0069999999999999,0.377,0.477,0.651,0.292,0.002
46090,04/28/22 09:45 PM,0.384,0.008,0.0069999999999999,0.358,0.443,0.612,0.286,0.002
46091,04/28/22 09:46 PM,0.359,0.0069999999999999,0.0069999999999999,0.327,0.418,0.587,0.267,0.002
46092,04/28/22 09:47 PM,0.398,0.006,0.0069999999999999,0.35,0.429,0.632,0.291,0.002
46093,04/28/22 09:48 PM,0.376,0.006,0.0069999999999999,0.331,0.42,0.595,0.283,0.002
46094,04/28/22 09:49 PM,0.367,0.006,0.008,0.342,0.427,0.615,0.289,0.002
46095,04/28/22 09:50 PM,0.368,0.009,0.008,0.334,0.444,0.606,0.291,0.002
46096,04/28/22 09:51 PM,0.34,0.009,0.008,0.333,0.43,0.62,0.271,0.002
46097,04/28/22 09:52 PM,0.351,0.009,0.008,0.346,0.437,0.625,0.275,0.002
46098,04/28/22 09:53 PM,0.33,0.0069999999999999,0.008,0.324,0.417,0.614,0.267,0.002
46099,04/28/22 09:54 PM,0.346,0.0069999999999999,0.008,0.315,0.41,0.602,0.27,0.002
46100,04/28/22 09:55 PM,0.32,0.0069999999999999,0.008,0.317,0.404,0.591,0.271,0.002
46101,04/28/22 09:56 PM,0.328,0.0069999999999999,0.008,0.315,0.384,0.587,0.278,0.002
46102,04/28/22 09:57 PM,0.331,0.004,0.009,0.317,0.399,0.58,0.28,0.002
46103,04/28/22 09:58 PM,0.319,0.004,0.009,0.32,0.42,0.61,0.263,0.002
46104,04/28/22 09:59 PM,0.333,0.004,0.009,0.324,0.436,0.604,0.284,0.002
46105,04/28/22 10:00 PM,0.32,0.004,0.009,0.332,0.44,0.603,0.257,0.002
46106,04/28/22 10:01 PM,0.341,0.004,0.009,0.368,0.453,0.633,0.284,0.002
46107,04/28/22 10:02 PM,0.311,0.004,0.008,0.34,0.43,0.58,0.246,0.002
46108,04/28/22 10:03 PM,0.352,0.004,0.008,0.358,0.429,0.61,0.281,0.002
46109,04/28/22 10:04 PM,0.329,0.005,0.008,0.341,0.43,0.593,0.259,0.002
46110,04/28/22 10:05 PM,0.397,0.004,0.008,0.379,0.464,0.681,0.304,0.003
46111,04/28/22 10:06 PM,0.36,0.004,0.008,0.358,0.466,0.651,0.292,0.002
46112,04/28/22 10:07 PM,0.373,0.004,0.008,0.384,0.485,0.689,0.29,0.003
46113,04/28/22 10:08 PM,0.364,0.004,0.0069999999999999,0.362,0.457,0.624,0.296,0.003
46114,04/28/22 10:09 PM,0.382,0.005,0.0069999999999999,0.365,0.457,0.652,0.315,0.003
46115,04/28/22 10:10 PM,0.363,0.004,0.008,0.348,0.457,0.63,0.294,0.003
46116,04/28/22 10:11 PM,0.402,0.004,0.008,0.349,0.44,0.666,0.319,0.002
46117,04/28/22 10:12 PM,0.411,0.005,0.008,0.349,0.44,0.656,0.32,0.002
46118,04/28/22 10:13 PM,0.398,0.004,0.008,0.345,0.449,0.634,0.312,0.002
46119,04/28/22 10:14 PM,0.407,0.004,0.0069999999999999,0.329,0.417,0.59,0.322,0.002
46120,04/28/22 10:15 PM,0.375,0.004,0.008,0.322,0.405,0.608,0.311,0.002
46121,04/28/22 10:16 PM,0.376,0.004,0.008,0.321,0.4,0.615,0.319,0.002
46122,04/28/22 10:17 PM,0.367,0.004,0.009,0.32,0.398,0.607,0.306,0.002
46123,04/28/22 10:18 PM,0.367,0.004,0.01,0.323,0.396,0.599,0.303,0.002
46124,04/28/22 10:19 PM,0.35,0.003,0.009,0.311,0.387,0.591,0.299,0.002
46125,04/28/22 10:20 PM,0.358,0.004,0.009,0.304,0.365,0.551,0.295,0.002
46126,04/28/22 10:21 PM,0.337,0.004,0.008,0.3,0.36,0.575,0.266,0.002
46127,04/28/22 10:22 PM,0.37,0.005,0.008,0.334,0.406,0.622,0.301,0.003
46128,04/28/22 10:23 PM,0.333,0.005,0.008,0.326,0.393,0.597,0.271,0.003
46129,04/28/22 10:24 PM,0.355,0.0069999999999999,0.009,0.328,0.418,0.641,0.294,0.003
46130,04/28/22 10:25 PM,0.34,0.0069999999999999,0.009,0.325,0.429,0.599,0.266,0.003
46131,04/28/22 10:26 PM,0.378,0.008,0.01,0.334,0.439,0.61,0.304,0.003
46132,04/28/22 10:27 PM,0.36,0.0069999999999999,0.009,0.322,0.437,0.594,0.306,0.003
46133,04/28/22 10:28 PM,0.39,0.0069999999999999,0.009,0.328,0.449,0.652,0.315,0.003
46134,04/28/22 10:29 PM,0.375,0.0069999999999999,0.009,0.33,0.468,0.641,0.317,0.003
46135,04/28/22 10:30 PM,0.398,0.0069999999999999,0.009,0.347,0.489,0.67,0.323,0.003
46136,04/28/22 10:31 PM,0.385,0.008,0.009,0.322,0.478,0.631,0.313,0.003
46137,04/28/22 10:32 PM,0.389,0.0069999999999999,0.009,0.323,0.476,0.632,0.305,0.003
46138,04/28/22 10:33 PM,0.403,0.0069999999999999,0.009,0.332,0.478,0.642,0.319,0.003
46139,04/28/22 10:34 PM,0.414,0.008,0.008,0.324,0.472,0.663,0.341,0.003
46140,04/28/22 10:35 PM,0.369,0.005,0.0069999999999999,0.312,0.438,0.639,0.306,0.004
46141,04/28/22 10:36 PM,0.382,0.006,0.0069999999999999,0.309,0.447,0.656,0.31,0.003
46142,04/28/22 10:37 PM,0.36,0.006,0.0069999999999999,0.3,0.434,0.645,0.298,0.003
46143,04/28/22 10:38 PM,0.346,0.005,0.0069999999999999,0.302,0.432,0.619,0.287,0.004
46144,04/28/22 10:39 PM,0.361,0.006,0.0069999999999999,0.296,0.407,0.588,0.303,0.003
46145,04/28/22 10:40 PM,0.341,0.005,0.0069999999999999,0.29,0.4,0.588,0.29,0.003
46146,04/28/22 10:41 PM,0.335,0.005,0.0069999999999999,0.278,0.381,0.567,0.287,0.003
46147,04/28/22 10:42 PM,0.388,0.005,0.0069999999999999,0.307,0.398,0.569,0.318,0.003
46148,04/28/22 10:43 PM,0.345,0.005,0.0069999999999999,0.293,0.384,0.527,0.301,0.002
46149,04/28/22 10:44 PM,0.377,0.005,0.0069999999999999,0.316,0.405,0.56,0.308,0.002
46150,04/28/22 10:45 PM,0.373,0.005,0.0069999999999999,0.289,0.381,0.556,0.305,0.002
46151,04/28/22 10:46 PM,0.411,0.005,0.008,0.316,0.411,0.575,0.334,0.002
46152,04/28/22 10:47 PM,0.421,0.005,0.008,0.325,0.427,0.597,0.331,0.002
46153,04/28/22 10:48 PM,0.41,0.005,0.008,0.313,0.413,0.598,0.325,0.002
46154,04/28/22 10:49 PM,0.412,0.006,0.0069999999999999,0.306,0.4,0.592,0.333,0.002
46155,04/28/22 10:50 PM,0.413,0.006,0.008,0.301,0.406,0.591,0.316,0.002
46156,04/28/22 10:51 PM,0.441,0.006,0.0069999999999999,0.31,0.42,0.601,0.33,0.002
46157,04/28/22 10:52 PM,0.363,0.005,0.0069999999999999,0.256,0.372,0.548,0.299,0.002
46158,04/28/22 10:53 PM,0.404,0.006,0.0069999999999999,0.299,0.408,0.581,0.315,0.002
46159,04/28/22 10:54 PM,0.36,0.004,0.0069999999999999,0.265,0.371,0.545,0.283,0.002
46160,04/28/22 10:55 PM,0.41,0.006,0.008,0.294,0.406,0.601,0.309,0.002
46161,04/28/22 10:56 PM,0.373,0.006,0.0069999999999999,0.261,0.365,0.531,0.271,0.002
46162,04/28/22 10:57 PM,0.404,0.006,0.008,0.268,0.365,0.561,0.3,0.002
46163,04/28/22 10:58 PM,0.356,0.006,0.008,0.273,0.361,0.554,0.288,0.002
46164,04/28/22 10:59 PM,0.385,0.0069999999999999,0.008,0.278,0.382,0.594,0.298,0.002
46165,04/28/22 11:00 PM,0.366,0.006,0.008,0.3,0.401,0.591,0.285,0.002
46166,04/28/22 11:01 PM,0.366,0.006,0.008,0.298,0.41,0.612,0.282,0.002
46167,04/28/22 11:02 PM,0.366,0.006,0.009,0.298,0.405,0.588,0.294,0.002
46168,04/28/22 11:03 PM,0.343,0.0069999999999999,0.009,0.301,0.409,0.594,0.274,0.002
46169,04/28/22 11:04 PM,0.365,0.009,0.01,0.305,0.419,0.601,0.309,0.002
46170,04/28/22 11:05 PM,0.351,0.006,0.01,0.296,0.399,0.586,0.293,0.002
46171,04/28/22 11:06 PM,0.379,0.006,0.01,0.319,0.448,0.636,0.311,0.002
46172,04/28/22 11:07 PM,0.357,0.004,0.009,0.314,0.446,0.608,0.295,0.002
46173,04/28/22 11:08 PM,0.374,0.004,0.008,0.327,0.463,0.619,0.316,0.002
46174,04/28/22 11:09 PM,0.337,0.004,0.008,0.303,0.449,0.599,0.276,0.002
46175,04/28/22 11:10 PM,0.378,0.006,0.008,0.321,0.463,0.642,0.31,0.002
46176,04/28/22 11:11 PM,0.331,0.005,0.008,0.311,0.44,0.599,0.273,0.002
46177,04/28/22 11:12 PM,0.403,0.005,0.008,0.343,0.494,0.661,0.321,0.002
46178,04/28/22 11:13 PM,0.359,0.005,0.008,0.331,0.472,0.63,0.295,0.002
46179,04/28/22 11:14 PM,0.391,0.005,0.008,0.33,0.492,0.651,0.31,0.002
46180,04/28/22 11:15 PM,0.364,0.003,0.008,0.332,0.482,0.63,0.298,0.002
46181,04/28/22 11:16 PM,0.422,0.005,0.008,0.348,0.515,0.677,0.346,0.002
46182,04/28/22 11:17 PM,0.414,0.004,0.008,0.344,0.492,0.675,0.315,0.003
46183,04/28/22 11:18 PM,0.423,0.0069999999999999,0.008,0.355,0.491,0.673,0.317,0.003
46184,04/28/22 11:19 PM,0.468,0.0069999999999999,0.009,0.353,0.519,0.701,0.332,0.003
46185,04/28/22 11:20 PM,0.423,0.006,0.008,0.355,0.542,0.688,0.324,0.003
46186,04/28/22 11:21 PM,0.459,0.006,0.009,0.374,0.546,0.711,0.357,0.003
46187,04/28/22 11:22 PM,0.437,0.008,0.008,0.371,0.544,0.715,0.359,0.003
46188,04/28/22 11:23 PM,0.407,0.008,0.009,0.385,0.56,0.719,0.34,0.003
46189,04/28/22 11:24 PM,0.411,0.008,0.009,0.394,0.567,0.749,0.357,0.003
46190,04/28/22 11:25 PM,0.418,0.008,0.009,0.382,0.564,0.713,0.353,0.003
46191,04/28/22 11:26 PM,0.392,0.006,0.009,0.381,0.548,0.705,0.328,0.003
46192,04/28/22 11:27 PM,0.415,0.0069999999999999,0.009,0.392,0.568,0.716,0.357,0.003
46193,04/28/22 11:28 PM,0.4,0.006,0.009,0.388,0.561,0.723,0.345,0.003
46194,04/28/22 11:29 PM,0.382,0.004,0.009,0.387,0.547,0.698,0.32,0.003
46195,04/28/22 11:30 PM,0.384,0.004,0.009,0.381,0.546,0.675,0.335,0.003
46196,04/28/22 11:31 PM,0.363,0.004,0.009,0.39,0.57,0.683,0.319,0.003
46197,04/28/22 11:32 PM,0.352,0.004,0.008,0.367,0.531,0.647,0.297,0.002
46198,04/28/22 11:33 PM,0.389,0.0069999999999999,0.008,0.375,0.538,0.691,0.32,0.002
46199,04/28/22 11:34 PM,0.343,0.0069999999999999,0.008,0.367,0.507,0.677,0.284,0.002
46200,04/28/22 11:35 PM,0.373,0.0069999999999999,0.009,0.404,0.553,0.727,0.315,0.002
46201,04/28/22 11:36 PM,0.387,0.0069999999999999,0.009,0.382,0.562,0.732,0.319,0.002
46202,04/28/22 11:37 PM,0.381,0.006,0.009,0.381,0.553,0.773,0.31,0.002
46203,04/28/22 11:38 PM,0.407,0.0069999999999999,0.009,0.392,0.567,0.787,0.323,0.003
46204,04/28/22 11:39 PM,0.392,0.006,0.008,0.364,0.533,0.753,0.302,0.002
46205,04/28/22 11:40 PM,0.429,0.0069999999999999,0.008,0.381,0.543,0.741,0.331,0.002
46206,04/28/22 11:41 PM,0.386,0.0069999999999999,0.008,0.351,0.502,0.682,0.29,0.002
46207,04/28/22 11:42 PM,0.418,0.006,0.008,0.376,0.522,0.731,0.333,0.002
46208,04/28/22 11:43 PM,0.384,0.005,0.009,0.371,0.512,0.707,0.305,0.002
46209,04/28/22 11:44 PM,0.386,0.005,0.009,0.385,0.53,0.716,0.313,0.002
46210,04/28/22 11:45 PM,0.413,0.006,0.009,0.384,0.518,0.698,0.31,0.002
46211,04/28/22 11:46 PM,0.391,0.011,0.009,0.371,0.502,0.657,0.293,0.002
46212,04/28/22 11:47 PM,0.429,0.011,0.009,0.378,0.524,0.705,0.314,0.003
46213,04/28/22 11:48 PM,0.364,0.011,0.009,0.366,0.491,0.639,0.281,0.003
46214,04/28/22 11:49 PM,0.401,0.011,0.009,0.396,0.537,0.692,0.299,0.003
46215,04/28/22 11:50 PM,0.364,0.011,0.009,0.38,0.513,0.665,0.277,0.003
46216,04/28/22 11:51 PM,0.36,0.011,0.009,0.373,0.527,0.669,0.28,0.003
46217,04/28/22 11:52 PM,0.36,0.01,0.009,0.379,0.512,0.68,0.28,0.003
46218,04/28/22 11:53 PM,0.365,0.01,0.009,0.369,0.486,0.637,0.279,0.003
46219,04/28/22 11:54 PM,0.363,0.01,0.009,0.368,0.489,0.658,0.277,0.003
46220,04/28/22 11:55 PM,0.344,0.01,0.009,0.343,0.463,0.627,0.271,0.003
46221,04/28/22 11:56 PM,0.38,0.012,0.008,0.374,0.479,0.669,0.312,0.002
46222,04/28/22 11:57 PM,0.346,0.006,0.008,0.335,0.439,0.605,0.283,0.002
46223,04/28/22 11:58 PM,0.394,0.0069999999999999,0.008,0.35,0.478,0.659,0.33,0.002
46224,04/28/22 11:59 PM,0.332,0.0069999999999999,0.008,0.328,0.434,0.609,0.307,0.002
46225,04/29/22 12:00 AM,0.38,0.0069999999999999,0.009,0.335,0.435,0.63,0.324,0.002
46226,04/29/22 12:01 AM,0.365,0.0069999999999999,0.009,0.325,0.423,0.609,0.322,0.002
46227,04/29/22 12:02 AM,0.36,0.0069999999999999,0.009,0.322,0.412,0.607,0.321,0.002
46228,04/29/22 12:03 AM,0.353,0.0069999999999999,0.009,0.293,0.39,0.578,0.313,0.002
46229,04/29/22 12:04 AM,0.366,0.0069999999999999,0.009,0.296,0.396,0.625,0.313,0.002
46230,04/29/22 12:05 AM,0.356,0.0069999999999999,0.0289999999999999,0.309,0.434,0.651,0.301,0.002
46231,04/29/22 12:06 AM,0.373,0.005,0.03,0.314,0.431,0.625,0.308,0.002
46232,04/29/22 12:07 AM,0.367,0.005,0.03,0.324,0.451,0.634,0.3,0.002
46233,04/29/22 12:08 AM,0.353,0.005,0.0279999999999999,0.35,0.443,0.618,0.293,0.002
46234,04/29/22 12:09 AM,0.4,0.005,0.03,0.382,0.51,0.668,0.332,0.002
46235,04/29/22 12:10 AM,0.346,0.004,0.0289999999999999,0.352,0.497,0.634,0.283,0.002
46236,04/29/22 12:11 AM,0.369,0.006,0.0289999999999999,0.357,0.518,0.659,0.314,0.003
46237,04/29/22 12:12 AM,0.361,0.006,0.027,0.347,0.502,0.618,0.319,0.003
46238,04/29/22 12:13 AM,0.374,0.005,0.0279999999999999,0.361,0.569,0.687,0.33,0.003
46239,04/29/22 12:14 AM,0.366,0.006,0.027,0.369,0.571,0.669,0.323,0.003
46240,04/29/22 12:15 AM,0.363,0.005,0.009,0.351,0.525,0.627,0.306,0.002
46241,04/29/22 12:16 AM,0.39,0.005,0.009,0.362,0.546,0.614,0.312,0.003
46242,04/29/22 12:17 AM,0.365,0.005,0.01,0.364,0.534,0.594,0.295,0.003
46243,04/29/22 12:18 AM,0.359,0.005,0.01,0.369,0.525,0.605,0.294,0.003
46244,04/29/22 12:19 AM,0.36,0.005,0.01,0.374,0.503,0.611,0.299,0.003
46245,04/29/22 12:20 AM,0.396,0.005,0.01,0.392,0.49,0.634,0.317,0.003
46246,04/29/22 12:21 AM,0.353,0.005,0.009,0.358,0.462,0.606,0.293,0.002
46247,04/29/22 12:22 AM,0.391,0.005,0.009,0.358,0.475,0.641,0.313,0.002
46248,04/29/22 12:23 AM,0.355,0.005,0.009,0.337,0.444,0.601,0.298,0.002
46249,04/29/22 12:24 AM,0.381,0.005,0.009,0.349,0.457,0.626,0.299,0.002
46250,04/29/22 12:25 AM,0.4,0.005,0.009,0.351,0.455,0.626,0.3,0.003
46251,04/29/22 12:26 AM,0.382,0.0069999999999999,0.009,0.362,0.43,0.626,0.284,0.003
46252,04/29/22 12:27 AM,0.42,0.006,0.01,0.382,0.465,0.698,0.313,0.003
46253,04/29/22 12:28 AM,0.364,0.005,0.009,0.345,0.425,0.616,0.279,0.003
46254,04/29/22 12:29 AM,0.381,0.004,0.009,0.345,0.414,0.648,0.293,0.003
46255,04/29/22 12:30 AM,0.356,0.004,0.008,0.337,0.438,0.646,0.293,0.003
46256,04/29/22 12:31 AM,0.342,0.004,0.008,0.325,0.416,0.622,0.288,0.003
46257,04/29/22 12:32 AM,0.357,0.006,0.008,0.33,0.406,0.621,0.306,0.003
46258,04/29/22 12:33 AM,0.352,0.006,0.008,0.323,0.404,0.614,0.294,0.003
46259,04/29/22 12:34 AM,0.341,0.004,0.008,0.327,0.406,0.612,0.301,0.003
46260,04/29/22 12:35 AM,0.333,0.004,0.0069999999999999,0.3,0.378,0.58,0.298,0.003
46261,04/29/22 12:36 AM,0.333,0.004,0.0069999999999999,0.308,0.377,0.585,0.275,0.003
46262,04/29/22 12:37 AM,0.328,0.005,0.0069999999999999,0.294,0.365,0.521,0.313,0.003
46263,04/29/22 12:38 AM,0.344,0.005,0.006,0.296,0.364,0.548,0.305,0.002
46264,04/29/22 12:39 AM,0.328,0.004,0.006,0.302,0.375,0.535,0.302,0.003
46265,04/29/22 12:40 AM,0.309,0.003,0.006,0.293,0.356,0.539,0.284,0.002
46266,04/29/22 12:41 AM,0.338,0.005,0.006,0.296,0.39,0.588,0.31,0.002
46267,04/29/22 12:42 AM,0.324,0.004,0.006,0.285,0.364,0.554,0.255,0.002
46268,04/29/22 12:43 AM,0.383,0.004,0.0069999999999999,0.298,0.395,0.577,0.298,0.002
46269,04/29/22 12:44 AM,0.35,0.004,0.0069999999999999,0.303,0.379,0.566,0.287,0.002
46270,04/29/22 12:45 AM,0.369,0.004,0.008,0.33,0.424,0.626,0.308,0.005
46271,04/29/22 12:46 AM,0.358,0.004,0.008,0.322,0.419,0.604,0.306,0.005
46272,04/29/22 12:47 AM,0.379,0.004,0.009,0.33,0.435,0.631,0.338,0.005
46273,04/29/22 12:48 AM,0.353,0.005,0.009,0.336,0.439,0.646,0.304,0.005
46274,04/29/22 12:49 AM,0.353,0.005,0.009,0.355,0.473,0.666,0.305,0.005
46275,04/29/22 12:50 AM,0.373,0.005,0.009,0.353,0.499,0.65,0.313,0.005
46276,04/29/22 12:51 AM,0.352,0.005,0.009,0.35,0.48,0.631,0.292,0.005
46277,04/29/22 12:52 AM,0.372,0.005,0.01,0.364,0.483,0.657,0.306,0.005
46278,04/29/22 12:53 AM,0.327,0.004,0.01,0.342,0.479,0.631,0.29,0.005
46279,04/29/22 12:54 AM,0.368,0.005,0.01,0.362,0.481,0.661,0.311,0.005
46280,04/29/22 12:55 AM,0.339,0.005,0.009,0.347,0.455,0.615,0.296,0.002
46281,04/29/22 12:56 AM,0.348,0.005,0.009,0.335,0.443,0.611,0.3,0.002
46282,04/29/22 12:57 AM,0.354,0.004,0.009,0.339,0.453,0.609,0.311,0.002
46283,04/29/22 12:58 AM,0.354,0.004,0.009,0.331,0.438,0.593,0.298,0.002
46284,04/29/22 12:59 AM,0.351,0.005,0.008,0.334,0.433,0.589,0.294,0.002
46285,04/29/22 01:00 AM,0.338,0.004,0.008,0.313,0.393,0.552,0.281,0.002
46286,04/29/22 01:01 AM,0.337,0.004,0.008,0.321,0.406,0.576,0.284,0.002
46287,04/29/22 01:02 AM,0.337,0.005,0.008,0.308,0.392,0.557,0.277,0.002
46288,04/29/22 01:03 AM,0.341,0.006,0.008,0.301,0.396,0.558,0.267,0.002
46289,04/29/22 01:04 AM,0.335,0.005,0.0069999999999999,0.314,0.382,0.556,0.259,0.002
46290,04/29/22 01:05 AM,0.316,0.006,0.0069999999999999,0.311,0.388,0.555,0.25,0.002
46291,04/29/22 01:06 AM,0.346,0.006,0.008,0.337,0.423,0.602,0.278,0.002
46292,04/29/22 01:07 AM,0.315,0.006,0.0069999999999999,0.34,0.412,0.586,0.253,0.002
46293,04/29/22 01:08 AM,0.343,0.006,0.008,0.363,0.447,0.639,0.277,0.002
46294,04/29/22 01:09 AM,0.308,0.0069999999999999,0.0069999999999999,0.333,0.414,0.579,0.255,0.002
46295,04/29/22 01:10 AM,0.329,0.0069999999999999,0.0069999999999999,0.369,0.448,0.634,0.279,0.002
46296,04/29/22 01:11 AM,0.32,0.005,0.008,0.371,0.453,0.642,0.261,0.002
46297,04/29/22 01:12 AM,0.333,0.004,0.008,0.368,0.466,0.673,0.276,0.002
46298,04/29/22 01:13 AM,0.324,0.004,0.008,0.347,0.448,0.612,0.267,0.003
46299,04/29/22 01:14 AM,0.313,0.006,0.008,0.346,0.437,0.609,0.26,0.003
46300,04/29/22 01:15 AM,0.328,0.006,0.009,0.349,0.441,0.613,0.27,0.003
46301,04/29/22 01:16 AM,0.353,0.006,0.008,0.359,0.444,0.63,0.271,0.003
46302,04/29/22 01:17 AM,0.362,0.006,0.008,0.348,0.437,0.606,0.303,0.003
46303,04/29/22 01:18 AM,0.346,0.006,0.008,0.339,0.435,0.614,0.298,0.003
46304,04/29/22 01:19 AM,0.37,0.009,0.008,0.355,0.461,0.631,0.308,0.003
46305,04/29/22 01:20 AM,0.339,0.008,0.008,0.334,0.434,0.626,0.277,0.003
46306,04/29/22 01:21 AM,0.392,0.011,0.008,0.335,0.461,0.632,0.326,0.003
46307,04/29/22 01:22 AM,0.341,0.011,0.008,0.345,0.431,0.592,0.303,0.003
46308,04/29/22 01:23 AM,0.392,0.01,0.008,0.357,0.456,0.655,0.338,0.003
46309,04/29/22 01:24 AM,0.367,0.011,0.008,0.357,0.465,0.655,0.308,0.003
46310,04/29/22 01:25 AM,0.392,0.01,0.008,0.382,0.482,0.689,0.327,0.003
46311,04/29/22 01:26 AM,0.371,0.009,0.009,0.367,0.501,0.685,0.311,0.003
46312,04/29/22 01:27 AM,0.392,0.009,0.009,0.384,0.502,0.693,0.325,0.002
46313,04/29/22 01:28 AM,0.353,0.008,0.009,0.357,0.464,0.652,0.302,0.003
46314,04/29/22 01:29 AM,0.377,0.0069999999999999,0.009,0.365,0.482,0.672,0.355,0.002
46315,04/29/22 01:30 AM,0.366,0.004,0.008,0.355,0.467,0.641,0.29,0.003
46316,04/29/22 01:31 AM,0.357,0.004,0.008,0.352,0.462,0.627,0.291,0.002
46317,04/29/22 01:32 AM,0.339,0.004,0.008,0.342,0.445,0.601,0.278,0.002
46318,04/29/22 01:33 AM,0.325,0.004,0.008,0.335,0.441,0.617,0.266,0.002
46319,04/29/22 01:34 AM,0.325,0.004,0.0069999999999999,0.317,0.425,0.573,0.277,0.002
46320,04/29/22 01:35 AM,0.324,0.005,0.0069999999999999,0.328,0.41,0.572,0.266,0.002
46321,04/29/22 01:36 AM,0.283,0.005,0.0069999999999999,0.307,0.389,0.525,0.256,0.002
46322,04/29/22 01:37 AM,0.315,0.005,0.0069999999999999,0.317,0.403,0.547,0.27,0.002
46323,04/29/22 01:38 AM,0.305,0.005,0.0069999999999999,0.319,0.401,0.551,0.266,0.002
46324,04/29/22 01:39 AM,0.309,0.0069999999999999,0.0069999999999999,0.307,0.389,0.552,0.275,0.002
46325,04/29/22 01:40 AM,0.348,0.006,0.008,0.337,0.403,0.581,0.305,0.002
46326,04/29/22 01:41 AM,0.311,0.0069999999999999,0.008,0.331,0.389,0.563,0.271,0.002
46327,04/29/22 01:42 AM,0.342,0.008,0.008,0.346,0.411,0.592,0.295,0.003
46328,04/29/22 01:43 AM,0.331,0.006,0.008,0.326,0.38,0.543,0.281,0.002
46329,04/29/22 01:44 AM,0.362,0.0069999999999999,0.008,0.351,0.413,0.591,0.3,0.003
46330,04/29/22 01:45 AM,0.324,0.0069999999999999,0.008,0.302,0.382,0.537,0.268,0.002
46331,04/29/22 01:46 AM,0.363,0.0069999999999999,0.008,0.34,0.412,0.585,0.294,0.002
46332,04/29/22 01:47 AM,0.316,0.0069999999999999,0.008,0.327,0.388,0.536,0.272,0.002
46333,04/29/22 01:48 AM,0.368,0.0069999999999999,0.008,0.342,0.413,0.579,0.311,0.002
46334,04/29/22 01:49 AM,0.342,0.0069999999999999,0.008,0.338,0.415,0.575,0.289,0.002
46335,04/29/22 01:50 AM,0.34,0.0069999999999999,0.008,0.331,0.425,0.595,0.278,0.002
46336,04/29/22 01:51 AM,0.373,0.0069999999999999,0.008,0.351,0.452,0.607,0.314,0.003
46337,04/29/22 01:52 AM,0.346,0.005,0.008,0.345,0.446,0.597,0.288,0.002
46338,04/29/22 01:53 AM,0.377,0.005,0.008,0.357,0.473,0.65,0.297,0.003
46339,04/29/22 01:54 AM,0.341,0.005,0.009,0.337,0.454,0.614,0.28,0.003
46340,04/29/22 01:55 AM,0.392,0.008,0.009,0.355,0.481,0.669,0.309,0.003
46341,04/29/22 01:56 AM,0.378,0.005,0.009,0.335,0.454,0.638,0.286,0.002
46342,04/29/22 01:57 AM,0.367,0.005,0.009,0.349,0.451,0.665,0.308,0.003
46343,04/29/22 01:58 AM,0.351,0.004,0.009,0.344,0.443,0.618,0.297,0.002
46344,04/29/22 01:59 AM,0.348,0.004,0.009,0.337,0.431,0.607,0.287,0.002
46345,04/29/22 02:00 AM,0.349,0.005,0.008,0.328,0.423,0.574,0.277,0.002
46346,04/29/22 02:01 AM,0.36,0.006,0.008,0.309,0.408,0.574,0.293,0.002
46347,04/29/22 02:02 AM,0.338,0.005,0.008,0.297,0.398,0.566,0.276,0.002
46348,04/29/22 02:03 AM,0.35,0.006,0.008,0.305,0.399,0.583,0.297,0.002
46349,04/29/22 02:04 AM,0.375,0.005,0.008,0.316,0.397,0.578,0.308,0.002
46350,04/29/22 02:05 AM,0.35,0.004,0.0069999999999999,0.314,0.382,0.545,0.282,0.002
46351,04/29/22 02:06 AM,0.369,0.004,0.0069999999999999,0.338,0.389,0.553,0.31,0.002
46352,04/29/22 02:07 AM,0.33,0.004,0.0069999999999999,0.329,0.368,0.533,0.283,0.002
46353,04/29/22 02:08 AM,0.344,0.005,0.0069999999999999,0.328,0.38,0.568,0.299,0.002
46354,04/29/22 02:09 AM,0.317,0.005,0.0069999999999999,0.309,0.366,0.518,0.289,0.002
46355,04/29/22 02:10 AM,0.359,0.008,0.0069999999999999,0.323,0.386,0.558,0.332,0.002
46356,04/29/22 02:11 AM,0.32,0.006,0.006,0.284,0.339,0.488,0.294,0.002
46357,04/29/22 02:12 AM,0.366,0.006,0.0069999999999999,0.291,0.363,0.531,0.326,0.002
46358,04/29/22 02:13 AM,0.326,0.006,0.0069999999999999,0.277,0.334,0.486,0.29,0.002
46359,04/29/22 02:14 AM,0.344,0.005,0.0069999999999999,0.299,0.341,0.517,0.302,0.002
46360,04/29/22 02:15 AM,0.313,0.0069999999999999,0.0069999999999999,0.265,0.315,0.484,0.29,0.002
46361,04/29/22 02:16 AM,0.329,0.0069999999999999,0.0069999999999999,0.279,0.334,0.549,0.287,0.002
46362,04/29/22 02:17 AM,0.36,0.0069999999999999,0.0069999999999999,0.294,0.356,0.544,0.312,0.002
46363,04/29/22 02:18 AM,0.329,0.006,0.0069999999999999,0.285,0.346,0.528,0.276,0.002
46364,04/29/22 02:19 AM,0.362,0.0069999999999999,0.0069999999999999,0.315,0.374,0.557,0.32,0.002
46365,04/29/22 02:20 AM,0.31,0.006,0.0069999999999999,0.298,0.384,0.549,0.275,0.002
46366,04/29/22 02:21 AM,0.34,0.006,0.008,0.333,0.417,0.609,0.29,0.002
46367,04/29/22 02:22 AM,0.291,0.006,0.008,0.325,0.412,0.582,0.255,0.003
46368,04/29/22 02:23 AM,0.336,0.0069999999999999,0.008,0.34,0.437,0.59,0.278,0.003
46369,04/29/22 02:24 AM,0.297,0.0069999999999999,0.008,0.31,0.403,0.54,0.247,0.003
46370,04/29/22 02:25 AM,0.35,0.006,0.0069999999999999,0.337,0.436,0.607,0.286,0.003
46371,04/29/22 02:26 AM,0.311,0.006,0.0069999999999999,0.308,0.41,0.574,0.244,0.003
46372,04/29/22 02:27 AM,0.362,0.006,0.0069999999999999,0.35,0.431,0.615,0.279,0.002
46373,04/29/22 02:28 AM,0.333,0.004,0.0069999999999999,0.327,0.4,0.588,0.259,0.002
46374,04/29/22 02:29 AM,0.365,0.005,0.008,0.345,0.41,0.605,0.275,0.002
46375,04/29/22 02:30 AM,0.342,0.005,0.008,0.328,0.383,0.563,0.253,0.002
46376,04/29/22 02:31 AM,0.377,0.006,0.008,0.329,0.389,0.587,0.279,0.002
46377,04/29/22 02:32 AM,0.367,0.006,0.0069999999999999,0.298,0.354,0.541,0.276,0.002
46378,04/29/22 02:33 AM,0.39,0.0069999999999999,0.0069999999999999,0.304,0.395,0.594,0.29,0.002
46379,04/29/22 02:34 AM,0.391,0.0069999999999999,0.0069999999999999,0.316,0.414,0.623,0.281,0.002
46380,04/29/22 02:35 AM,0.367,0.0069999999999999,0.0069999999999999,0.338,0.39,0.575,0.28,0.002
46381,04/29/22 02:36 AM,0.367,0.0069999999999999,0.008,0.335,0.395,0.582,0.284,0.002
46382,04/29/22 02:37 AM,0.375,0.006,0.008,0.328,0.404,0.589,0.307,0.002
46383,04/29/22 02:38 AM,0.373,0.006,0.008,0.336,0.407,0.592,0.317,0.002
46384,04/29/22 02:39 AM,0.366,0.005,0.0069999999999999,0.341,0.43,0.589,0.31,0.002
46385,04/29/22 02:40 AM,0.363,0.005,0.0069999999999999,0.347,0.444,0.624,0.315,0.002
46386,04/29/22 02:41 AM,0.353,0.005,0.008,0.337,0.432,0.596,0.301,0.002
46387,04/29/22 02:42 AM,0.353,0.005,0.008,0.336,0.427,0.604,0.295,0.002
46388,04/29/22 02:43 AM,0.355,0.005,0.008,0.335,0.447,0.578,0.268,0.002
46389,04/29/22 02:44 AM,0.344,0.005,0.008,0.323,0.431,0.559,0.258,0.002
46390,04/29/22 02:45 AM,0.348,0.005,0.008,0.316,0.445,0.564,0.296,0.002
46391,04/29/22 02:46 AM,0.347,0.005,0.009,0.294,0.421,0.525,0.271,0.002
46392,04/29/22 02:47 AM,0.332,0.004,0.008,0.292,0.41,0.533,0.275,0.002
46393,04/29/22 02:48 AM,0.318,0.006,0.008,0.286,0.407,0.529,0.269,0.002
46394,04/29/22 02:49 AM,0.343,0.005,0.008,0.301,0.431,0.575,0.291,0.002
46395,04/29/22 02:50 AM,0.329,0.004,0.008,0.28,0.395,0.553,0.289,0.002
46396,04/29/22 02:51 AM,0.335,0.005,0.008,0.299,0.42,0.554,0.303,0.002
46397,04/29/22 02:52 AM,0.336,0.004,0.008,0.307,0.415,0.566,0.305,0.002
46398,04/29/22 02:53 AM,0.333,0.004,0.008,0.3,0.405,0.566,0.294,0.002
46399,04/29/22 02:54 AM,0.336,0.004,0.008,0.296,0.399,0.555,0.299,0.002
46400,04/29/22 02:55 AM,0.341,0.004,0.008,0.313,0.404,0.556,0.287,0.002
46401,04/29/22 02:56 AM,0.348,0.004,0.008,0.313,0.396,0.56,0.294,0.002
46402,04/29/22 02:57 AM,0.343,0.005,0.009,0.319,0.426,0.579,0.278,0.004
46403,04/29/22 02:58 AM,0.339,0.005,0.009,0.307,0.411,0.563,0.273,0.004
46404,04/29/22 02:59 AM,0.309,0.005,0.009,0.296,0.393,0.549,0.261,0.004
46405,04/29/22 03:00 AM,0.343,0.006,0.009,0.317,0.417,0.584,0.286,0.004
46406,04/29/22 03:01 AM,0.355,0.005,0.009,0.336,0.421,0.597,0.3,0.004
46407,04/29/22 03:02 AM,0.362,0.006,0.009,0.327,0.413,0.595,0.314,0.004
46408,04/29/22 03:03 AM,0.395,0.006,0.009,0.334,0.431,0.62,0.332,0.004
46409,04/29/22 03:04 AM,0.403,0.006,0.009,0.357,0.435,0.65,0.364,0.004
46410,04/29/22 03:05 AM,0.4,0.004,0.011,0.352,0.441,0.636,0.354,0.004
46411,04/29/22 03:06 AM,0.421,0.005,0.011,0.352,0.448,0.669,0.37,0.003
46412,04/29/22 03:07 AM,0.411,0.004,0.011,0.365,0.436,0.628,0.364,0.003
46413,04/29/22 03:08 AM,0.449,0.005,0.011,0.381,0.452,0.67,0.386,0.003
46414,04/29/22 03:09 AM,0.457,0.004,0.011,0.387,0.462,0.713,0.385,0.003
46415,04/29/22 03:10 AM,0.429,0.004,0.011,0.375,0.444,0.686,0.353,0.002
46416,04/29/22 03:11 AM,0.409,0.005,0.011,0.385,0.459,0.717,0.337,0.002
46417,04/29/22 03:12 AM,0.394,0.006,0.011,0.38,0.46,0.704,0.338,0.003
46418,04/29/22 03:13 AM,0.367,0.006,0.01,0.374,0.461,0.69,0.314,0.003
46419,04/29/22 03:14 AM,0.33,0.006,0.01,0.361,0.445,0.647,0.282,0.003
46420,04/29/22 03:15 AM,0.392,0.008,0.01,0.383,0.488,0.711,0.335,0.003
46421,04/29/22 03:16 AM,0.362,0.006,0.009,0.367,0.468,0.685,0.312,0.003
46422,04/29/22 03:17 AM,0.399,0.0069999999999999,0.009,0.379,0.484,0.67,0.309,0.003
46423,04/29/22 03:18 AM,0.357,0.0069999999999999,0.009,0.366,0.469,0.658,0.287,0.003
46424,04/29/22 03:19 AM,0.362,0.009,0.009,0.378,0.495,0.679,0.278,0.003
46425,04/29/22 03:20 AM,0.356,0.008,0.009,0.364,0.47,0.651,0.264,0.003
46426,04/29/22 03:21 AM,0.365,0.0069999999999999,0.009,0.369,0.48,0.659,0.293,0.003
46427,04/29/22 03:22 AM,0.357,0.008,0.009,0.363,0.479,0.667,0.284,0.003
46428,04/29/22 03:23 AM,0.371,0.013,0.009,0.364,0.489,0.664,0.286,0.003
46429,04/29/22 03:24 AM,0.356,0.012,0.009,0.353,0.48,0.648,0.28,0.003
46430,04/29/22 03:25 AM,0.364,0.012,0.01,0.353,0.472,0.657,0.273,0.003
46431,04/29/22 03:26 AM,0.353,0.011,0.01,0.342,0.45,0.619,0.252,0.003
46432,04/29/22 03:27 AM,0.33,0.009,0.009,0.331,0.451,0.611,0.263,0.003
46433,04/29/22 03:28 AM,0.338,0.009,0.009,0.316,0.433,0.59,0.266,0.003
46434,04/29/22 03:29 AM,0.322,0.006,0.012,0.321,0.44,0.577,0.264,0.003
46435,04/29/22 03:30 AM,0.336,0.006,0.011,0.307,0.415,0.555,0.268,0.002
46436,04/29/22 03:31 AM,0.358,0.0069999999999999,0.011,0.319,0.428,0.563,0.275,0.002
46437,04/29/22 03:32 AM,0.345,0.0069999999999999,0.012,0.304,0.406,0.526,0.272,0.003
46438,04/29/22 03:33 AM,0.355,0.006,0.011,0.301,0.429,0.557,0.276,0.003
46439,04/29/22 03:34 AM,0.357,0.0069999999999999,0.011,0.296,0.408,0.537,0.276,0.003
46440,04/29/22 03:35 AM,0.338,0.005,0.011,0.295,0.397,0.538,0.273,0.003
46441,04/29/22 03:36 AM,0.363,0.005,0.011,0.323,0.4,0.56,0.299,0.003
46442,04/29/22 03:37 AM,0.352,0.005,0.011,0.305,0.387,0.54,0.287,0.003
46443,04/29/22 03:38 AM,0.382,0.0069999999999999,0.011,0.299,0.393,0.553,0.301,0.003
46444,04/29/22 03:39 AM,0.329,0.0069999999999999,0.0069999999999999,0.267,0.354,0.503,0.275,0.003
46445,04/29/22 03:40 AM,0.387,0.0069999999999999,0.0069999999999999,0.294,0.39,0.542,0.319,0.002
46446,04/29/22 03:41 AM,0.342,0.0069999999999999,0.0069999999999999,0.281,0.368,0.53,0.279,0.002
46447,04/29/22 03:42 AM,0.387,0.0069999999999999,0.0069999999999999,0.311,0.37,0.589,0.329,0.002
46448,04/29/22 03:43 AM,0.337,0.0069999999999999,0.0069999999999999,0.286,0.339,0.519,0.259,0.002
46449,04/29/22 03:44 AM,0.378,0.006,0.0069999999999999,0.319,0.39,0.582,0.304,0.002
46450,04/29/22 03:45 AM,0.354,0.006,0.0069999999999999,0.295,0.361,0.546,0.288,0.002
46451,04/29/22 03:46 AM,0.357,0.006,0.008,0.299,0.379,0.575,0.294,0.002
46452,04/29/22 03:47 AM,0.335,0.0069999999999999,0.008,0.297,0.382,0.568,0.273,0.002
46453,04/29/22 03:48 AM,0.332,0.008,0.0069999999999999,0.305,0.399,0.585,0.264,0.002
46454,04/29/22 03:49 AM,0.359,0.0069999999999999,0.008,0.346,0.412,0.608,0.288,0.002
46455,04/29/22 03:50 AM,0.345,0.006,0.008,0.333,0.388,0.584,0.271,0.002
46456,04/29/22 03:51 AM,0.358,0.006,0.008,0.343,0.397,0.598,0.274,0.002
46457,04/29/22 03:52 AM,0.314,0.006,0.008,0.318,0.386,0.563,0.242,0.003
46458,04/29/22 03:53 AM,0.366,0.006,0.009,0.344,0.456,0.621,0.299,0.002
46459,04/29/22 03:54 AM,0.326,0.004,0.008,0.321,0.424,0.559,0.253,0.003
46460,04/29/22 03:55 AM,0.363,0.006,0.009,0.345,0.458,0.607,0.301,0.003
46461,04/29/22 03:56 AM,0.352,0.004,0.009,0.328,0.421,0.592,0.286,0.003
46462,04/29/22 03:57 AM,0.38,0.004,0.009,0.338,0.439,0.632,0.289,0.003
46463,04/29/22 03:58 AM,0.363,0.004,0.008,0.344,0.454,0.643,0.288,0.003
46464,04/29/22 03:59 AM,0.327,0.005,0.008,0.349,0.453,0.629,0.259,0.003
46465,04/29/22 04:00 AM,0.344,0.005,0.009,0.387,0.498,0.637,0.288,0.003
46466,04/29/22 04:01 AM,0.332,0.005,0.009,0.377,0.498,0.638,0.282,0.003
46467,04/29/22 04:02 AM,0.35,0.005,0.009,0.387,0.485,0.642,0.292,0.003
46468,04/29/22 04:03 AM,0.329,0.005,0.009,0.398,0.451,0.616,0.272,0.003
46469,04/29/22 04:04 AM,0.354,0.006,0.009,0.369,0.471,0.675,0.296,0.003
46470,04/29/22 04:05 AM,0.333,0.006,0.008,0.349,0.442,0.632,0.288,0.003
46471,04/29/22 04:06 AM,0.34,0.006,0.008,0.358,0.445,0.628,0.29,0.003
46472,04/29/22 04:07 AM,0.309,0.005,0.008,0.35,0.425,0.6,0.278,0.003
46473,04/29/22 04:08 AM,0.341,0.004,0.008,0.352,0.438,0.619,0.289,0.003
46474,04/29/22 04:09 AM,0.372,0.0069999999999999,0.008,0.342,0.46,0.618,0.302,0.002
46475,04/29/22 04:10 AM,0.34,0.004,0.008,0.328,0.431,0.598,0.283,0.002
46476,04/29/22 04:11 AM,0.349,0.004,0.008,0.322,0.437,0.605,0.299,0.002
46477,04/29/22 04:12 AM,0.354,0.004,0.0069999999999999,0.304,0.405,0.588,0.296,0.002
46478,04/29/22 04:13 AM,0.351,0.005,0.0069999999999999,0.307,0.385,0.563,0.292,0.002
46479,04/29/22 04:14 AM,0.363,0.005,0.0069999999999999,0.322,0.397,0.562,0.295,0.002
46480,04/29/22 04:15 AM,0.358,0.004,0.0069999999999999,0.312,0.369,0.538,0.291,0.003
46481,04/29/22 04:16 AM,0.36,0.004,0.0069999999999999,0.303,0.359,0.525,0.279,0.003
46482,04/29/22 04:17 AM,0.388,0.005,0.0069999999999999,0.321,0.391,0.564,0.3,0.003
46483,04/29/22 04:18 AM,0.361,0.005,0.0069999999999999,0.281,0.356,0.498,0.272,0.002
46484,04/29/22 04:19 AM,0.374,0.006,0.0069999999999999,0.297,0.372,0.542,0.292,0.002
46485,04/29/22 04:20 AM,0.352,0.006,0.0069999999999999,0.278,0.353,0.519,0.291,0.002
46486,04/29/22 04:21 AM,0.381,0.006,0.0069999999999999,0.313,0.366,0.541,0.303,0.002
46487,04/29/22 04:22 AM,0.352,0.006,0.0069999999999999,0.294,0.368,0.54,0.282,0.002
46488,04/29/22 04:23 AM,0.364,0.006,0.008,0.309,0.39,0.575,0.305,0.002
46489,04/29/22 04:24 AM,0.332,0.006,0.008,0.282,0.368,0.541,0.276,0.002
46490,04/29/22 04:25 AM,0.351,0.006,0.008,0.3,0.387,0.602,0.293,0.002
46491,04/29/22 04:26 AM,0.374,0.006,0.008,0.308,0.4,0.616,0.305,0.002
46492,04/29/22 04:27 AM,0.318,0.005,0.0069999999999999,0.272,0.354,0.535,0.271,0.002
46493,04/29/22 04:28 AM,0.36,0.005,0.008,0.292,0.398,0.607,0.288,0.002
46494,04/29/22 04:29 AM,0.316,0.005,0.0069999999999999,0.276,0.362,0.558,0.248,0.002
46495,04/29/22 04:30 AM,0.366,0.005,0.008,0.323,0.412,0.61,0.289,0.002
46496,04/29/22 04:31 AM,0.334,0.005,0.008,0.302,0.395,0.579,0.25,0.002
46497,04/29/22 04:32 AM,0.371,0.008,0.008,0.324,0.424,0.632,0.287,0.002
46498,04/29/22 04:33 AM,0.35,0.0069999999999999,0.0069999999999999,0.301,0.402,0.579,0.264,0.002
46499,04/29/22 04:34 AM,0.388,0.0069999999999999,0.0069999999999999,0.331,0.448,0.633,0.292,0.002
46500,04/29/22 04:35 AM,0.347,0.0069999999999999,0.0069999999999999,0.345,0.453,0.606,0.281,0.002
46501,04/29/22 04:36 AM,0.374,0.0069999999999999,0.008,0.351,0.498,0.658,0.286,0.002
46502,04/29/22 04:37 AM,0.371,0.0069999999999999,0.008,0.357,0.517,0.673,0.286,0.002
46503,04/29/22 04:38 AM,0.36,0.0069999999999999,0.008,0.368,0.55,0.681,0.272,0.002
46504,04/29/22 04:39 AM,0.398,0.0069999999999999,0.008,0.386,0.554,0.695,0.316,0.002
46505,04/29/22 04:40 AM,0.362,0.0069999999999999,0.008,0.372,0.51,0.677,0.292,0.002
46506,04/29/22 04:41 AM,0.367,0.006,0.009,0.35,0.496,0.649,0.298,0.002
46507,04/29/22 04:42 AM,0.419,0.004,0.009,0.364,0.517,0.676,0.321,0.002
46508,04/29/22 04:43 AM,0.447,0.004,0.01,0.419,0.537,0.734,0.338,0.002
46509,04/29/22 04:44 AM,0.427,0.004,0.01,0.421,0.526,0.721,0.328,0.002
46510,04/29/22 04:45 AM,0.463,0.005,0.009,0.423,0.523,0.734,0.358,0.002
46511,04/29/22 04:46 AM,0.409,0.004,0.009,0.396,0.488,0.668,0.313,0.003
46512,04/29/22 04:47 AM,0.454,0.004,0.009,0.383,0.511,0.659,0.349,0.003
46513,04/29/22 04:48 AM,0.41,0.004,0.009,0.376,0.475,0.639,0.305,0.003
46514,04/29/22 04:49 AM,0.42,0.005,0.009,0.379,0.476,0.647,0.325,0.002
46515,04/29/22 04:50 AM,0.428,0.005,0.009,0.38,0.486,0.66,0.333,0.002
46516,04/29/22 04:51 AM,0.438,0.006,0.009,0.387,0.505,0.69,0.357,0.003
46517,04/29/22 04:52 AM,0.396,0.006,0.008,0.369,0.474,0.636,0.31,0.002
46518,04/29/22 04:53 AM,0.393,0.006,0.008,0.344,0.48,0.651,0.339,0.002
46519,04/29/22 04:54 AM,0.362,0.006,0.0069999999999999,0.325,0.432,0.61,0.274,0.002
46520,04/29/22 04:55 AM,0.374,0.0069999999999999,0.0069999999999999,0.328,0.46,0.63,0.306,0.002
46521,04/29/22 04:56 AM,0.384,0.005,0.0069999999999999,0.345,0.477,0.665,0.306,0.002
46522,04/29/22 04:57 AM,0.389,0.0069999999999999,0.008,0.345,0.495,0.667,0.317,0.002
46523,04/29/22 04:58 AM,0.398,0.005,0.008,0.354,0.495,0.656,0.311,0.003
46524,04/29/22 04:59 AM,0.4,0.005,0.008,0.365,0.496,0.665,0.316,0.002
46525,04/29/22 05:00 AM,0.357,0.005,0.008,0.342,0.455,0.604,0.301,0.002
46526,04/29/22 05:01 AM,0.367,0.005,0.008,0.342,0.467,0.616,0.312,0.003
46527,04/29/22 05:02 AM,0.392,0.005,0.008,0.355,0.489,0.643,0.328,0.003
46528,04/29/22 05:03 AM,0.397,0.005,0.008,0.365,0.514,0.648,0.328,0.003
46529,04/29/22 05:04 AM,0.404,0.006,0.008,0.378,0.5,0.658,0.342,0.003
46530,04/29/22 05:05 AM,0.416,0.006,0.008,0.37,0.478,0.648,0.346,0.003
46531,04/29/22 05:06 AM,0.384,0.0069999999999999,0.008,0.336,0.438,0.607,0.314,0.003
46532,04/29/22 05:07 AM,0.386,0.0069999999999999,0.008,0.344,0.454,0.642,0.315,0.003
46533,04/29/22 05:08 AM,0.397,0.006,0.008,0.348,0.438,0.624,0.35,0.003
46534,04/29/22 05:09 AM,0.366,0.006,0.008,0.337,0.424,0.615,0.32,0.003
46535,04/29/22 05:10 AM,0.394,0.006,0.009,0.355,0.45,0.652,0.342,0.003
46536,04/29/22 05:11 AM,0.369,0.006,0.009,0.349,0.445,0.615,0.304,0.003
46537,04/29/22 05:12 AM,0.372,0.006,0.009,0.361,0.446,0.622,0.318,0.003
46538,04/29/22 05:13 AM,0.345,0.006,0.009,0.338,0.418,0.596,0.3,0.003
46539,04/29/22 05:14 AM,0.349,0.004,0.01,0.337,0.422,0.61,0.29,0.003
46540,04/29/22 05:15 AM,0.365,0.004,0.009,0.34,0.433,0.621,0.31,0.003
46541,04/29/22 05:16 AM,0.35,0.004,0.01,0.34,0.442,0.628,0.3,0.003
46542,04/29/22 05:17 AM,0.345,0.004,0.01,0.335,0.432,0.609,0.297,0.003
46543,04/29/22 05:18 AM,0.35,0.004,0.01,0.324,0.41,0.582,0.297,0.003
46544,04/29/22 05:19 AM,0.359,0.004,0.009,0.33,0.434,0.631,0.314,0.003
46545,04/29/22 05:20 AM,0.347,0.004,0.008,0.308,0.41,0.581,0.304,0.002
46546,04/29/22 05:21 AM,0.348,0.004,0.0069999999999999,0.295,0.372,0.568,0.288,0.002
46547,04/29/22 05:22 AM,0.351,0.004,0.0069999999999999,0.295,0.374,0.563,0.278,0.002
46548,04/29/22 05:23 AM,0.34,0.004,0.0069999999999999,0.286,0.347,0.524,0.281,0.002
46549,04/29/22 05:24 AM,0.36,0.004,0.0069999999999999,0.284,0.328,0.51,0.295,0.002
46550,04/29/22 05:25 AM,0.349,0.004,0.0069999999999999,0.277,0.319,0.485,0.287,0.002
46551,04/29/22 05:26 AM,0.363,0.004,0.0069999999999999,0.276,0.323,0.486,0.294,0.002
46552,04/29/22 05:27 AM,0.352,0.004,0.006,0.275,0.31,0.475,0.276,0.002
46553,04/29/22 05:28 AM,0.333,0.004,0.006,0.255,0.282,0.441,0.273,0.001
46554,04/29/22 05:29 AM,0.347,0.004,0.005,0.237,0.301,0.442,0.285,0.002
46555,04/29/22 05:30 AM,0.347,0.004,0.005,0.235,0.289,0.431,0.281,0.001
46556,04/29/22 05:31 AM,0.384,0.004,0.005,0.264,0.301,0.457,0.321,0.001
46557,04/29/22 05:32 AM,0.35,0.004,0.005,0.245,0.293,0.439,0.272,0.001
46558,04/29/22 05:33 AM,0.387,0.004,0.0069999999999999,0.255,0.333,0.483,0.312,0.001
46559,04/29/22 05:34 AM,0.385,0.004,0.006,0.241,0.321,0.459,0.291,0.001
46560,04/29/22 05:35 AM,0.399,0.005,0.0069999999999999,0.251,0.343,0.493,0.302,0.001
46561,04/29/22 05:36 AM,0.378,0.005,0.0069999999999999,0.251,0.345,0.492,0.28,0.002
46562,04/29/22 05:37 AM,0.344,0.005,0.0069999999999999,0.264,0.352,0.52,0.284,0.002
46563,04/29/22 05:38 AM,0.384,0.005,0.0069999999999999,0.297,0.384,0.551,0.302,0.002
46564,04/29/22 05:39 AM,0.333,0.004,0.0069999999999999,0.265,0.349,0.511,0.262,0.002
46565,04/29/22 05:40 AM,0.349,0.004,0.008,0.303,0.387,0.592,0.282,0.002
46566,04/29/22 05:41 AM,0.34,0.004,0.008,0.307,0.409,0.609,0.272,0.002
46567,04/29/22 05:42 AM,0.354,0.004,0.0069999999999999,0.3,0.396,0.581,0.273,0.002
46568,04/29/22 05:43 AM,0.352,0.006,0.0069999999999999,0.315,0.42,0.61,0.296,0.002
46569,04/29/22 05:44 AM,0.34,0.006,0.0069999999999999,0.318,0.418,0.624,0.289,0.002
46570,04/29/22 05:45 AM,0.35,0.006,0.0069999999999999,0.308,0.421,0.623,0.291,0.002
46571,04/29/22 05:46 AM,0.359,0.006,0.008,0.326,0.438,0.653,0.292,0.002
46572,04/29/22 05:47 AM,0.372,0.006,0.008,0.328,0.451,0.659,0.303,0.002
46573,04/29/22 05:48 AM,0.359,0.005,0.008,0.314,0.431,0.612,0.288,0.002
46574,04/29/22 05:49 AM,0.419,0.006,0.008,0.336,0.445,0.641,0.326,0.002
46575,04/29/22 05:50 AM,0.377,0.006,0.009,0.321,0.428,0.604,0.291,0.002
46576,04/29/22 05:51 AM,0.43,0.006,0.009,0.348,0.458,0.639,0.315,0.002
46577,04/29/22 05:52 AM,0.405,0.006,0.009,0.35,0.461,0.661,0.303,0.002
46578,04/29/22 05:53 AM,0.405,0.006,0.008,0.366,0.484,0.685,0.314,0.003
46579,04/29/22 05:54 AM,0.43,0.008,0.009,0.373,0.501,0.684,0.329,0.002
46580,04/29/22 05:55 AM,0.403,0.008,0.008,0.365,0.493,0.672,0.305,0.003
46581,04/29/22 05:56 AM,0.418,0.008,0.008,0.353,0.495,0.662,0.34,0.003
46582,04/29/22 05:57 AM,0.396,0.008,0.008,0.34,0.459,0.621,0.325,0.003
46583,04/29/22 05:58 AM,0.387,0.0069999999999999,0.008,0.353,0.458,0.654,0.317,0.003
46584,04/29/22 05:59 AM,0.416,0.0069999999999999,0.008,0.359,0.473,0.664,0.32,0.003
46585,04/29/22 06:00 AM,0.382,0.0069999999999999,0.008,0.34,0.454,0.633,0.315,0.003
46586,04/29/22 06:01 AM,0.362,0.006,0.008,0.351,0.505,0.654,0.276,0.003
46587,04/29/22 06:02 AM,0.375,0.0069999999999999,0.008,0.344,0.513,0.641,0.292,0.002
46588,04/29/22 06:03 AM,0.372,0.0069999999999999,0.0069999999999999,0.349,0.494,0.66,0.296,0.003
46589,04/29/22 06:04 AM,0.377,0.0069999999999999,0.0069999999999999,0.342,0.478,0.628,0.303,0.003
46590,04/29/22 06:05 AM,0.366,0.0069999999999999,0.0069999999999999,0.335,0.459,0.622,0.287,0.002
46591,04/29/22 06:06 AM,0.351,0.0069999999999999,0.008,0.333,0.445,0.613,0.293,0.002
46592,04/29/22 06:07 AM,0.345,0.0069999999999999,0.008,0.321,0.433,0.615,0.28,0.002
46593,04/29/22 06:08 AM,0.361,0.0069999999999999,0.008,0.342,0.457,0.637,0.306,0.002
46594,04/29/22 06:09 AM,0.325,0.006,0.008,0.313,0.427,0.597,0.262,0.002
46595,04/29/22 06:10 AM,0.369,0.006,0.008,0.328,0.468,0.627,0.298,0.002
46596,04/29/22 06:11 AM,0.323,0.005,0.008,0.297,0.381,0.579,0.251,0.002
46597,04/29/22 06:12 AM,0.364,0.004,0.0069999999999999,0.325,0.412,0.631,0.295,0.002
46598,04/29/22 06:13 AM,0.354,0.003,0.008,0.313,0.42,0.612,0.288,0.002
46599,04/29/22 06:14 AM,0.352,0.003,0.008,0.323,0.421,0.628,0.275,0.002
46600,04/29/22 06:15 AM,0.388,0.003,0.008,0.343,0.449,0.659,0.312,0.002
46601,04/29/22 06:16 AM,0.351,0.004,0.008,0.327,0.427,0.61,0.269,0.002
46602,04/29/22 06:17 AM,0.375,0.006,0.008,0.351,0.458,0.64,0.311,0.002
46603,04/29/22 06:18 AM,0.335,0.006,0.008,0.323,0.421,0.596,0.283,0.002
46604,04/29/22 06:19 AM,0.335,0.006,0.009,0.335,0.43,0.612,0.284,0.002
46605,04/29/22 06:20 AM,0.346,0.006,0.009,0.338,0.437,0.623,0.282,0.002
46606,04/29/22 06:21 AM,0.34,0.006,0.009,0.33,0.437,0.618,0.288,0.002
46607,04/29/22 06:22 AM,0.339,0.006,0.009,0.353,0.461,0.632,0.268,0.002
46608,04/29/22 06:23 AM,0.342,0.0069999999999999,0.008,0.335,0.437,0.608,0.277,0.002
46609,04/29/22 06:24 AM,0.338,0.005,0.008,0.324,0.444,0.642,0.269,0.002
46610,04/29/22 06:25 AM,0.34,0.005,0.0069999999999999,0.327,0.435,0.619,0.272,0.002
46611,04/29/22 06:26 AM,0.353,0.005,0.008,0.337,0.448,0.652,0.278,0.002
46612,04/29/22 06:27 AM,0.361,0.005,0.008,0.34,0.46,0.642,0.287,0.002
46613,04/29/22 06:28 AM,0.356,0.005,0.008,0.361,0.497,0.669,0.281,0.002
46614,04/29/22 06:29 AM,0.382,0.005,0.008,0.385,0.505,0.691,0.327,0.002
46615,04/29/22 06:30 AM,0.351,0.008,0.008,0.359,0.477,0.659,0.301,0.002
46616,04/29/22 06:31 AM,0.366,0.008,0.008,0.369,0.501,0.681,0.305,0.002
46617,04/29/22 06:32 AM,0.375,0.008,0.008,0.371,0.483,0.682,0.294,0.003
46618,04/29/22 06:33 AM,0.364,0.0069999999999999,0.008,0.372,0.497,0.705,0.287,0.004
46619,04/29/22 06:34 AM,0.372,0.006,0.008,0.371,0.496,0.685,0.296,0.004
46620,04/29/22 06:35 AM,0.357,0.006,0.008,0.36,0.479,0.664,0.272,0.004
46621,04/29/22 06:36 AM,0.343,0.0069999999999999,0.008,0.36,0.488,0.649,0.287,0.004
46622,04/29/22 06:37 AM,0.343,0.0069999999999999,0.008,0.336,0.462,0.629,0.278,0.004
46623,04/29/22 06:38 AM,0.362,0.0069999999999999,0.008,0.344,0.456,0.643,0.293,0.004
46624,04/29/22 06:39 AM,0.339,0.0069999999999999,0.008,0.322,0.428,0.616,0.266,0.004
46625,04/29/22 06:40 AM,0.365,0.0069999999999999,0.008,0.341,0.465,0.652,0.289,0.004
46626,04/29/22 06:41 AM,0.384,0.0069999999999999,0.009,0.33,0.466,0.629,0.301,0.004
46627,04/29/22 06:42 AM,0.351,0.006,0.01,0.318,0.436,0.602,0.273,0.002
46628,04/29/22 06:43 AM,0.363,0.006,0.01,0.312,0.429,0.588,0.307,0.002
46629,04/29/22 06:44 AM,0.346,0.0069999999999999,0.01,0.309,0.419,0.584,0.284,0.002
46630,04/29/22 06:45 AM,0.363,0.0069999999999999,0.01,0.326,0.432,0.614,0.299,0.002
46631,04/29/22 06:46 AM,0.413,0.009,0.01,0.346,0.461,0.653,0.318,0.002
46632,04/29/22 06:47 AM,0.385,0.009,0.01,0.331,0.473,0.653,0.31,0.003
46633,04/29/22 06:48 AM,0.385,0.006,0.01,0.33,0.453,0.649,0.321,0.002
46634,04/29/22 06:49 AM,0.401,0.006,0.01,0.331,0.461,0.681,0.316,0.002
46635,04/29/22 06:50 AM,0.364,0.005,0.01,0.327,0.462,0.66,0.285,0.002
46636,04/29/22 06:51 AM,0.404,0.006,0.009,0.347,0.49,0.688,0.315,0.002
46637,04/29/22 06:52 AM,0.391,0.006,0.009,0.35,0.492,0.692,0.303,0.002
46638,04/29/22 06:53 AM,0.403,0.006,0.01,0.378,0.505,0.701,0.326,0.003
46639,04/29/22 06:54 AM,0.387,0.0069999999999999,0.009,0.361,0.487,0.664,0.297,0.003
46640,04/29/22 06:55 AM,0.396,0.008,0.01,0.369,0.517,0.683,0.334,0.003
46641,04/29/22 06:56 AM,0.369,0.008,0.009,0.342,0.478,0.643,0.313,0.003
46642,04/29/22 06:57 AM,0.387,0.008,0.01,0.365,0.507,0.673,0.333,0.003
46643,04/29/22 06:58 AM,0.361,0.008,0.009,0.352,0.488,0.652,0.307,0.003
46644,04/29/22 06:59 AM,0.38,0.008,0.01,0.356,0.475,0.653,0.323,0.003
46645,04/29/22 07:00 AM,0.364,0.009,0.01,0.335,0.441,0.602,0.3,0.003
46646,04/29/22 07:01 AM,0.351,0.006,0.008,0.324,0.436,0.61,0.293,0.002
46647,04/29/22 07:02 AM,0.33,0.006,0.008,0.315,0.41,0.598,0.266,0.003
46648,04/29/22 07:03 AM,0.342,0.006,0.008,0.318,0.418,0.61,0.284,0.002
46649,04/29/22 07:04 AM,0.343,0.006,0.008,0.32,0.413,0.6,0.292,0.002
46650,04/29/22 07:05 AM,0.318,0.006,0.008,0.294,0.366,0.552,0.258,0.002
46651,04/29/22 07:06 AM,0.345,0.0069999999999999,0.009,0.322,0.4,0.585,0.295,0.002
46652,04/29/22 07:07 AM,0.32,0.006,0.008,0.293,0.363,0.525,0.266,0.002
46653,04/29/22 07:08 AM,0.342,0.006,0.008,0.299,0.391,0.586,0.283,0.002
46654,04/29/22 07:09 AM,0.318,0.0069999999999999,0.008,0.281,0.371,0.543,0.262,0.002
46655,04/29/22 07:10 AM,0.336,0.0069999999999999,0.008,0.294,0.372,0.561,0.278,0.002
46656,04/29/22 07:11 AM,0.317,0.008,0.008,0.269,0.355,0.534,0.262,0.002
46657,04/29/22 07:12 AM,0.332,0.008,0.0069999999999999,0.274,0.35,0.536,0.259,0.002
46658,04/29/22 07:13 AM,0.342,0.008,0.008,0.268,0.355,0.509,0.269,0.002
46659,04/29/22 07:14 AM,0.314,0.008,0.008,0.254,0.342,0.487,0.253,0.002
46660,04/29/22 07:15 AM,0.333,0.0069999999999999,0.0069999999999999,0.284,0.368,0.552,0.271,0.002
46661,04/29/22 07:16 AM,0.302,0.005,0.0069999999999999,0.264,0.343,0.54,0.254,0.002
46662,04/29/22 07:17 AM,0.316,0.005,0.0069999999999999,0.288,0.357,0.565,0.262,0.002
46663,04/29/22 07:18 AM,0.33,0.0069999999999999,0.0069999999999999,0.296,0.359,0.579,0.272,0.002
46664,04/29/22 07:19 AM,0.319,0.006,0.006,0.273,0.342,0.561,0.257,0.002
46665,04/29/22 07:20 AM,0.354,0.0069999999999999,0.006,0.291,0.351,0.572,0.285,0.002
46666,04/29/22 07:21 AM,0.337,0.0069999999999999,0.006,0.27,0.335,0.542,0.263,0.002
46667,04/29/22 07:22 AM,0.35,0.0069999999999999,0.006,0.286,0.352,0.547,0.28,0.002
46668,04/29/22 07:23 AM,0.346,0.0069999999999999,0.0069999999999999,0.301,0.364,0.571,0.27,0.002
46669,04/29/22 07:24 AM,0.376,0.0069999999999999,0.009,0.311,0.386,0.583,0.28,0.003
46670,04/29/22 07:25 AM,0.38,0.006,0.009,0.31,0.388,0.577,0.284,0.003
46671,04/29/22 07:26 AM,0.368,0.006,0.01,0.319,0.375,0.568,0.286,0.003
46672,04/29/22 07:27 AM,0.398,0.005,0.01,0.313,0.404,0.589,0.308,0.003
46673,04/29/22 07:28 AM,0.346,0.005,0.01,0.3,0.387,0.562,0.282,0.003
