Unnamed: 0,timestamp,capacity_last_metric_bolt,capacity_elastic_search_bolt,pre_Message_dispatcher_bolt,check_message_bolt,message_dispatcher_bolt,metric_bolt,group_status_information_bolt,Real_time_merger_bolt
45683,2022-04-28 14:59:00,0.824,0.009,0.0069999999999999,0.342,0.475,0.647,0.665,0.002
45684,2022-04-28 15:00:00,0.822,0.009,0.0069999999999999,0.34,0.482,0.671,0.662,0.002
45685,2022-04-28 15:01:00,0.829,0.01,0.0069999999999999,0.346,0.475,0.658,0.659,0.002
45686,2022-04-28 15:02:00,0.838,0.011,0.0069999999999999,0.346,0.467,0.663,0.655,0.002
45687,2022-04-28 15:03:00,0.829,0.01,0.0069999999999999,0.348,0.461,0.664,0.653,0.002
45688,2022-04-28 15:04:00,0.829,0.009,0.008,0.348,0.465,0.652,0.661,0.002
45689,2022-04-28 15:05:00,0.831,0.009,0.008,0.353,0.467,0.662,0.672,0.002
45690,2022-04-28 15:06:00,0.829,0.01,0.008,0.35,0.462,0.657,0.669,0.002
45691,2022-04-28 15:07:00,0.829,0.01,0.008,0.353,0.467,0.642,0.68,0.002
45692,2022-04-28 15:08:00,0.829,0.011,0.008,0.354,0.465,0.656,0.68,0.002
45693,2022-04-28 15:09:00,0.834,0.011,0.008,0.362,0.472,0.663,0.675,0.002
45694,2022-04-28 15:10:00,0.827,0.01,0.008,0.362,0.462,0.663,0.666,0.002
45695,2022-04-28 15:11:00,0.831,0.009,0.008,0.361,0.494,0.662,0.669,0.002
45696,2022-04-28 15:12:00,0.834,0.01,0.008,0.349,0.492,0.663,0.678,0.002
45697,2022-04-28 15:13:00,0.841,0.01,0.0069999999999999,0.352,0.503,0.674,0.659,0.002
45698,2022-04-28 15:14:00,0.849,0.01,0.0069999999999999,0.354,0.515,0.674,0.653,0.002
45699,2022-04-28 15:15:00,0.834,0.01,0.0069999999999999,0.361,0.519,0.68,0.669,0.002
45700,2022-04-28 15:16:00,0.845,0.01,0.0069999999999999,0.359,0.512,0.676,0.668,0.002
45701,2022-04-28 15:17:00,0.867,0.011,0.0069999999999999,0.354,0.502,0.692,0.674,0.002
45702,2022-04-28 15:18:00,0.863,0.011,0.0069999999999999,0.364,0.492,0.724,0.667,0.002
45703,2022-04-28 15:19:00,0.858,0.011,0.0069999999999999,0.361,0.489,0.721,0.674,0.002
45704,2022-04-28 15:20:00,0.843,0.01,0.0069999999999999,0.344,0.488,0.702,0.675,0.002
45705,2022-04-28 15:21:00,0.832,0.011,0.006,0.348,0.471,0.702,0.671,0.002
45706,2022-04-28 15:22:00,0.841,0.008,0.0069999999999999,0.351,0.466,0.692,0.67,0.002
45707,2022-04-28 15:23:00,0.835,0.009,0.0069999999999999,0.347,0.465,0.691,0.676,0.002
45708,2022-04-28 15:24:00,0.85,0.009,0.0069999999999999,0.34,0.465,0.684,0.678,0.002
45709,2022-04-28 15:25:00,0.84,0.009,0.006,0.332,0.467,0.677,0.671,0.002
45710,2022-04-28 15:26:00,0.853,0.009,0.0069999999999999,0.338,0.479,0.667,0.681,0.002
45711,2022-04-28 15:27:00,0.851,0.009,0.0069999999999999,0.343,0.473,0.653,0.663,0.002
45712,2022-04-28 15:28:00,0.827,0.009,0.0069999999999999,0.344,0.472,0.664,0.688,0.002
45713,2022-04-28 15:29:00,0.834,0.01,0.0069999999999999,0.351,0.471,0.654,0.679,0.002
45714,2022-04-28 15:30:00,0.839,0.012,0.0069999999999999,0.342,0.479,0.65,0.691,0.002
45715,2022-04-28 15:31:00,0.84,0.012,0.006,0.344,0.473,0.651,0.69,0.002
45716,2022-04-28 15:32:00,0.827,0.013,0.006,0.35,0.468,0.659,0.683,0.002
45717,2022-04-28 15:33:00,0.841,0.0139999999999999,0.0069999999999999,0.351,0.484,0.653,0.672,0.002
45718,2022-04-28 15:34:00,0.838,0.012,0.0069999999999999,0.354,0.477,0.65,0.665,0.002
45719,2022-04-28 15:35:00,0.827,0.012,0.0069999999999999,0.348,0.484,0.646,0.664,0.002
45720,2022-04-28 15:36:00,0.854,0.012,0.0069999999999999,0.349,0.47,0.656,0.675,0.002
45721,2022-04-28 15:37:00,0.849,0.013,0.0069999999999999,0.341,0.456,0.67,0.667,0.002
45722,2022-04-28 15:38:00,0.851,0.013,0.0069999999999999,0.344,0.467,0.662,0.661,0.002
45723,2022-04-28 15:39:00,0.865,0.013,0.0069999999999999,0.35,0.471,0.645,0.664,0.002
45724,2022-04-28 15:40:00,0.846,0.009,0.0069999999999999,0.343,0.477,0.641,0.654,0.002
45725,2022-04-28 15:41:00,0.84,0.009,0.0069999999999999,0.353,0.487,0.665,0.649,0.002
45726,2022-04-28 15:42:00,0.822,0.009,0.0069999999999999,0.347,0.492,0.657,0.663,0.002
45727,2022-04-28 15:43:00,0.835,0.008,0.006,0.345,0.513,0.675,0.662,0.003
45728,2022-04-28 15:44:00,0.829,0.0069999999999999,0.006,0.341,0.506,0.691,0.66,0.002
45729,2022-04-28 15:45:00,0.837,0.008,0.0069999999999999,0.335,0.497,0.701,0.657,0.002
45730,2022-04-28 15:46:00,0.853,0.008,0.0069999999999999,0.35,0.487,0.698,0.654,0.002
45731,2022-04-28 15:47:00,0.853,0.009,0.008,0.336,0.486,0.685,0.65,0.002
45732,2022-04-28 15:48:00,0.867,0.009,0.0069999999999999,0.345,0.489,0.67,0.654,0.002
45733,2022-04-28 15:49:00,0.856,0.01,0.0069999999999999,0.352,0.5,0.638,0.662,0.002
45734,2022-04-28 15:50:00,0.843,0.01,0.006,0.356,0.499,0.644,0.658,0.003
45735,2022-04-28 15:51:00,0.828,0.01,0.0069999999999999,0.351,0.506,0.655,0.657,0.002
45736,2022-04-28 15:52:00,0.829,0.01,0.008,0.341,0.493,0.661,0.663,0.002
45737,2022-04-28 15:53:00,0.827,0.011,0.008,0.35,0.492,0.664,0.657,0.002
45738,2022-04-28 15:54:00,0.822,0.011,0.008,0.35,0.494,0.658,0.652,0.002
45739,2022-04-28 15:55:00,0.821,0.011,0.008,0.362,0.502,0.657,0.657,0.002
45740,2022-04-28 15:56:00,0.828,0.011,0.0069999999999999,0.359,0.497,0.657,0.654,0.002
45741,2022-04-28 15:57:00,0.831,0.012,0.008,0.353,0.49,0.64,0.66,0.002
45742,2022-04-28 15:58:00,0.848,0.012,0.008,0.339,0.479,0.635,0.646,0.002
45743,2022-04-28 15:59:00,0.85,0.012,0.008,0.343,0.487,0.649,0.645,0.002
45744,2022-04-28 16:00:00,0.84,0.011,0.008,0.344,0.497,0.649,0.651,0.002
45745,2022-04-28 16:01:00,0.832,0.01,0.008,0.344,0.49,0.662,0.656,0.002
45746,2022-04-28 16:02:00,0.822,0.01,0.0069999999999999,0.341,0.498,0.661,0.654,0.002
45747,2022-04-28 16:03:00,0.827,0.009,0.0069999999999999,0.349,0.487,0.663,0.651,0.002
45748,2022-04-28 16:04:00,0.832,0.01,0.0069999999999999,0.346,0.483,0.662,0.646,0.002
45749,2022-04-28 16:05:00,0.843,0.01,0.0069999999999999,0.355,0.48,0.659,0.646,0.003
45750,2022-04-28 16:06:00,0.837,0.01,0.0069999999999999,0.36,0.476,0.658,0.675,0.003
45751,2022-04-28 16:07:00,0.83,0.011,0.0069999999999999,0.354,0.491,0.671,0.66,0.003
45752,2022-04-28 16:08:00,0.834,0.01,0.0069999999999999,0.37,0.481,0.668,0.654,0.003
45753,2022-04-28 16:09:00,0.821,0.01,0.0069999999999999,0.372,0.489,0.661,0.656,0.003
45754,2022-04-28 16:10:00,0.814,0.01,0.006,0.374,0.495,0.675,0.639,0.003
45755,2022-04-28 16:11:00,0.844,0.01,0.006,0.381,0.479,0.674,0.647,0.003
45756,2022-04-28 16:12:00,0.842,0.011,0.006,0.374,0.494,0.662,0.672,0.002
45757,2022-04-28 16:13:00,0.826,0.012,0.006,0.364,0.493,0.65,0.676,0.002
45758,2022-04-28 16:14:00,0.82,0.012,0.006,0.345,0.481,0.642,0.678,0.002
45759,2022-04-28 16:15:00,0.835,0.012,0.006,0.343,0.474,0.645,0.677,0.002
45760,2022-04-28 16:16:00,0.838,0.011,0.0069999999999999,0.335,0.479,0.647,0.661,0.002
45761,2022-04-28 16:17:00,0.832,0.011,0.0069999999999999,0.339,0.497,0.649,0.663,0.002
45762,2022-04-28 16:18:00,0.828,0.01,0.0069999999999999,0.345,0.501,0.65,0.679,0.002
45763,2022-04-28 16:19:00,0.83,0.01,0.008,0.334,0.504,0.642,0.687,0.002
45764,2022-04-28 16:20:00,0.834,0.01,0.008,0.33,0.511,0.646,0.692,0.002
45765,2022-04-28 16:21:00,0.814,0.011,0.008,0.343,0.516,0.657,0.687,0.002
45766,2022-04-28 16:22:00,0.816,0.01,0.008,0.352,0.486,0.655,0.716,0.002
45767,2022-04-28 16:23:00,0.816,0.01,0.008,0.349,0.49,0.676,0.705,0.002
45768,2022-04-28 16:24:00,0.818,0.01,0.008,0.346,0.495,0.652,0.69,0.002
45769,2022-04-28 16:25:00,0.809,0.01,0.008,0.342,0.496,0.653,0.661,0.002
45770,2022-04-28 16:26:00,0.812,0.011,0.008,0.346,0.489,0.655,0.665,0.002
45771,2022-04-28 16:27:00,0.802,0.011,0.0069999999999999,0.354,0.488,0.659,0.653,0.002
45772,2022-04-28 16:28:00,0.814,0.011,0.0069999999999999,0.342,0.488,0.658,0.665,0.002
45773,2022-04-28 16:29:00,0.817,0.011,0.0069999999999999,0.352,0.487,0.68,0.675,0.002
45774,2022-04-28 16:30:00,0.823,0.01,0.0069999999999999,0.351,0.49,0.671,0.666,0.002
45775,2022-04-28 16:31:00,0.827,0.01,0.0069999999999999,0.358,0.491,0.648,0.668,0.002
45776,2022-04-28 16:32:00,0.83,0.01,0.0069999999999999,0.356,0.48,0.649,0.658,0.002
45777,2022-04-28 16:33:00,0.824,0.01,0.0069999999999999,0.353,0.484,0.644,0.664,0.002
45778,2022-04-28 16:34:00,0.807,0.01,0.0069999999999999,0.353,0.48,0.638,0.645,0.002
45779,2022-04-28 16:35:00,0.816,0.009,0.006,0.345,0.476,0.644,0.642,0.002
45780,2022-04-28 16:36:00,0.838,0.008,0.0069999999999999,0.351,0.481,0.639,0.642,0.002
45781,2022-04-28 16:37:00,0.833,0.009,0.0069999999999999,0.365,0.492,0.629,0.651,0.002
45782,2022-04-28 16:38:00,0.838,0.01,0.0069999999999999,0.359,0.455,0.639,0.645,0.002
45783,2022-04-28 16:39:00,0.833,0.01,0.0069999999999999,0.339,0.461,0.636,0.639,0.002
45784,2022-04-28 16:40:00,0.857,0.008,0.008,0.335,0.466,0.65,0.63,0.002
45785,2022-04-28 16:41:00,0.844,0.009,0.008,0.351,0.462,0.641,0.637,0.002
45786,2022-04-28 16:42:00,0.825,0.009,0.0069999999999999,0.34,0.459,0.646,0.628,0.002
45787,2022-04-28 16:43:00,0.828,0.01,0.0069999999999999,0.327,0.481,0.641,0.633,0.002
45788,2022-04-28 16:44:00,0.834,0.011,0.0069999999999999,0.338,0.469,0.633,0.646,0.002
45789,2022-04-28 16:45:00,0.833,0.011,0.0069999999999999,0.335,0.484,0.646,0.651,0.002
45790,2022-04-28 16:46:00,0.833,0.012,0.008,0.343,0.471,0.657,0.667,0.002
45791,2022-04-28 16:47:00,0.839,0.011,0.008,0.345,0.478,0.654,0.672,0.002
45792,2022-04-28 16:48:00,0.826,0.01,0.008,0.338,0.457,0.646,0.669,0.002
45793,2022-04-28 16:49:00,0.827,0.01,0.008,0.348,0.456,0.641,0.679,0.002
45794,2022-04-28 16:50:00,0.825,0.01,0.008,0.347,0.459,0.649,0.671,0.002
45795,2022-04-28 16:51:00,0.831,0.009,0.0069999999999999,0.355,0.447,0.641,0.67,0.002
45796,2022-04-28 16:52:00,0.836,0.009,0.0069999999999999,0.356,0.463,0.629,0.669,0.002
45797,2022-04-28 16:53:00,0.847,0.009,0.0069999999999999,0.353,0.467,0.634,0.662,0.002
45798,2022-04-28 16:54:00,0.815,0.008,0.0069999999999999,0.34,0.471,0.619,0.637,0.002
45799,2022-04-28 16:55:00,0.806,0.008,0.008,0.343,0.473,0.606,0.643,0.002
45800,2022-04-28 16:56:00,0.802,0.009,0.008,0.349,0.48,0.601,0.633,0.002
45801,2022-04-28 16:57:00,0.811,0.009,0.008,0.349,0.465,0.617,0.626,0.002
45802,2022-04-28 16:58:00,0.811,0.008,0.0069999999999999,0.348,0.46,0.64,0.616,0.002
45803,2022-04-28 16:59:00,0.803,0.009,0.008,0.334,0.464,0.626,0.607,0.002
45804,2022-04-28 17:00:00,0.807,0.009,0.0069999999999999,0.336,0.481,0.622,0.616,0.002
45805,2022-04-28 17:01:00,0.792,0.008,0.0069999999999999,0.341,0.484,0.622,0.613,0.002
45806,2022-04-28 17:02:00,0.801,0.008,0.0069999999999999,0.339,0.463,0.62,0.639,0.002
45807,2022-04-28 17:03:00,0.804,0.008,0.0069999999999999,0.347,0.46,0.618,0.628,0.002
45808,2022-04-28 17:04:00,0.791,0.008,0.0069999999999999,0.34,0.462,0.613,0.625,0.002
45809,2022-04-28 17:05:00,0.787,0.009,0.0069999999999999,0.33,0.469,0.619,0.619,0.003
45810,2022-04-28 17:06:00,0.792,0.009,0.0069999999999999,0.321,0.461,0.618,0.613,0.003
45811,2022-04-28 17:07:00,0.782,0.01,0.0069999999999999,0.321,0.448,0.618,0.612,0.003
45812,2022-04-28 17:08:00,0.789,0.009,0.0069999999999999,0.33,0.446,0.616,0.616,0.003
45813,2022-04-28 17:09:00,0.811,0.008,0.0069999999999999,0.345,0.454,0.623,0.626,0.003
45814,2022-04-28 17:10:00,0.824,0.008,0.0069999999999999,0.348,0.459,0.621,0.628,0.003
45815,2022-04-28 17:11:00,0.8,0.008,0.0069999999999999,0.347,0.456,0.616,0.611,0.003
45816,2022-04-28 17:12:00,0.803,0.009,0.0069999999999999,0.341,0.454,0.605,0.62,0.003
45817,2022-04-28 17:13:00,0.796,0.009,0.0069999999999999,0.335,0.463,0.61,0.606,0.003
45818,2022-04-28 17:14:00,0.797,0.008,0.0069999999999999,0.34,0.449,0.607,0.619,0.003
45819,2022-04-28 17:15:00,0.801,0.009,0.0069999999999999,0.351,0.459,0.605,0.607,0.002
45820,2022-04-28 17:16:00,0.783,0.01,0.008,0.37,0.473,0.62,0.621,0.002
45821,2022-04-28 17:17:00,0.781,0.009,0.008,0.371,0.471,0.62,0.631,0.002
45822,2022-04-28 17:18:00,0.786,0.009,0.008,0.372,0.474,0.602,0.63,0.002
45823,2022-04-28 17:19:00,0.803,0.009,0.009,0.358,0.472,0.604,0.609,0.002
45824,2022-04-28 17:20:00,0.789,0.01,0.009,0.359,0.471,0.615,0.613,0.002
45825,2022-04-28 17:21:00,0.798,0.01,0.009,0.349,0.488,0.62,0.614,0.002
45826,2022-04-28 17:22:00,0.814,0.01,0.009,0.34,0.486,0.624,0.623,0.002
45827,2022-04-28 17:23:00,0.798,0.01,0.008,0.335,0.477,0.639,0.645,0.002
45828,2022-04-28 17:24:00,0.798,0.01,0.008,0.336,0.479,0.633,0.62,0.002
45829,2022-04-28 17:25:00,0.793,0.008,0.008,0.347,0.462,0.631,0.619,0.002
45830,2022-04-28 17:26:00,0.801,0.008,0.0069999999999999,0.343,0.458,0.639,0.627,0.002
45831,2022-04-28 17:27:00,0.811,0.008,0.0069999999999999,0.335,0.456,0.634,0.624,0.002
45832,2022-04-28 17:28:00,0.801,0.009,0.008,0.347,0.457,0.631,0.629,0.002
45833,2022-04-28 17:29:00,0.806,0.009,0.0069999999999999,0.339,0.452,0.622,0.633,0.002
45834,2022-04-28 17:30:00,0.813,0.009,0.0069999999999999,0.339,0.448,0.621,0.617,0.002
45835,2022-04-28 17:31:00,0.804,0.009,0.0069999999999999,0.327,0.44,0.612,0.631,0.002
45836,2022-04-28 17:32:00,0.81,0.008,0.0069999999999999,0.335,0.447,0.618,0.626,0.002
45837,2022-04-28 17:33:00,0.799,0.008,0.0069999999999999,0.339,0.465,0.631,0.634,0.002
45838,2022-04-28 17:34:00,0.793,0.0069999999999999,0.0069999999999999,0.332,0.467,0.643,0.634,0.002
45839,2022-04-28 17:35:00,0.81,0.008,0.008,0.321,0.461,0.656,0.632,0.002
45840,2022-04-28 17:36:00,0.81,0.008,0.008,0.326,0.463,0.653,0.644,0.002
45841,2022-04-28 17:37:00,0.796,0.009,0.0069999999999999,0.317,0.465,0.635,0.657,0.002
45842,2022-04-28 17:38:00,0.795,0.009,0.006,0.313,0.469,0.636,0.627,0.002
45843,2022-04-28 17:39:00,0.789,0.009,0.006,0.325,0.472,0.63,0.634,0.002
45844,2022-04-28 17:40:00,0.795,0.01,0.006,0.316,0.453,0.614,0.621,0.002
45845,2022-04-28 17:41:00,0.776,0.011,0.006,0.327,0.462,0.605,0.631,0.002
45846,2022-04-28 17:42:00,0.768,0.012,0.006,0.326,0.449,0.615,0.616,0.002
45847,2022-04-28 17:43:00,0.757,0.012,0.0069999999999999,0.326,0.443,0.61,0.613,0.002
45848,2022-04-28 17:44:00,0.786,0.013,0.0069999999999999,0.318,0.454,0.607,0.613,0.002
45849,2022-04-28 17:45:00,0.779,0.012,0.006,0.319,0.454,0.608,0.607,0.002
45850,2022-04-28 17:46:00,0.773,0.013,0.0069999999999999,0.317,0.458,0.613,0.641,0.002
45851,2022-04-28 17:47:00,0.764,0.025,0.0069999999999999,0.326,0.461,0.607,0.626,0.002
45852,2022-04-28 17:48:00,0.753,0.027,0.0069999999999999,0.327,0.459,0.601,0.616,0.002
45853,2022-04-28 17:49:00,0.771,0.026,0.0069999999999999,0.349,0.458,0.621,0.62,0.002
45854,2022-04-28 17:50:00,0.772,0.024,0.0069999999999999,0.333,0.464,0.637,0.614,0.002
45855,2022-04-28 17:51:00,0.782,0.023,0.0069999999999999,0.329,0.449,0.624,0.611,0.002
45856,2022-04-28 17:52:00,0.783,0.026,0.0069999999999999,0.319,0.458,0.626,0.608,0.002
45857,2022-04-28 17:53:00,0.785,0.024,0.0069999999999999,0.341,0.465,0.645,0.594,0.002
45858,2022-04-28 17:54:00,0.784,0.024,0.0069999999999999,0.343,0.473,0.645,0.594,0.002
45859,2022-04-28 17:55:00,0.775,0.023,0.0069999999999999,0.342,0.475,0.649,0.59,0.002
45860,2022-04-28 17:56:00,0.76,0.023,0.0069999999999999,0.335,0.475,0.655,0.585,0.002
45861,2022-04-28 17:57:00,0.783,0.023,0.0069999999999999,0.333,0.464,0.647,0.582,0.002
45862,2022-04-28 17:58:00,0.764,0.009,0.0069999999999999,0.318,0.462,0.633,0.593,0.002
45863,2022-04-28 17:59:00,0.77,0.009,0.0069999999999999,0.313,0.462,0.631,0.592,0.002
45864,2022-04-28 18:00:00,0.78,0.009,0.0069999999999999,0.325,0.464,0.623,0.588,0.002
45865,2022-04-28 18:01:00,0.792,0.009,0.0069999999999999,0.321,0.471,0.625,0.596,0.002
45866,2022-04-28 18:02:00,0.779,0.01,0.0069999999999999,0.325,0.477,0.613,0.604,0.002
45867,2022-04-28 18:03:00,0.771,0.01,0.0069999999999999,0.316,0.477,0.618,0.596,0.003
45868,2022-04-28 18:04:00,0.783,0.011,0.0069999999999999,0.312,0.476,0.61,0.614,0.003
45869,2022-04-28 18:05:00,0.762,0.011,0.0069999999999999,0.314,0.465,0.601,0.624,0.003
45870,2022-04-28 18:06:00,0.739,0.01,0.0069999999999999,0.31,0.457,0.621,0.626,0.003
45871,2022-04-28 18:07:00,0.741,0.01,0.0069999999999999,0.313,0.442,0.605,0.616,0.003
45872,2022-04-28 18:08:00,0.745,0.011,0.0069999999999999,0.315,0.427,0.579,0.603,0.003
45873,2022-04-28 18:09:00,0.756,0.009,0.0069999999999999,0.317,0.43,0.574,0.611,0.003
45874,2022-04-28 18:10:00,0.74,0.008,0.006,0.301,0.437,0.574,0.615,0.003
45875,2022-04-28 18:11:00,0.731,0.008,0.006,0.317,0.447,0.563,0.607,0.003
45876,2022-04-28 18:12:00,0.737,0.01,0.006,0.315,0.444,0.56,0.598,0.003
45877,2022-04-28 18:13:00,0.728,0.01,0.006,0.337,0.434,0.555,0.601,0.003
45878,2022-04-28 18:14:00,0.726,0.009,0.006,0.322,0.432,0.568,0.604,0.003
45879,2022-04-28 18:15:00,0.713,0.009,0.0069999999999999,0.327,0.435,0.561,0.598,0.002
45880,2022-04-28 18:16:00,0.719,0.009,0.0069999999999999,0.331,0.431,0.564,0.557,0.002
45881,2022-04-28 18:17:00,0.706,0.009,0.0069999999999999,0.323,0.441,0.567,0.552,0.002
45882,2022-04-28 18:18:00,0.708,0.008,0.0069999999999999,0.317,0.43,0.588,0.56,0.002
45883,2022-04-28 18:19:00,0.693,0.008,0.0069999999999999,0.315,0.417,0.573,0.537,0.002
45884,2022-04-28 18:20:00,0.644,0.008,0.0069999999999999,0.304,0.381,0.554,0.506,0.002
45885,2022-04-28 18:21:00,0.628,0.008,0.0069999999999999,0.277,0.371,0.541,0.497,0.002
45886,2022-04-28 18:22:00,0.586,0.008,0.0069999999999999,0.253,0.355,0.525,0.47,0.002
45887,2022-04-28 18:23:00,0.559,0.008,0.0069999999999999,0.237,0.335,0.496,0.45,0.002
45888,2022-04-28 18:24:00,0.536,0.01,0.0069999999999999,0.236,0.338,0.484,0.442,0.002
45889,2022-04-28 18:25:00,0.509,0.01,0.0069999999999999,0.227,0.326,0.465,0.413,0.002
45890,2022-04-28 18:26:00,0.494,0.01,0.006,0.225,0.314,0.461,0.422,0.002
45891,2022-04-28 18:27:00,0.452,0.009,0.006,0.226,0.306,0.446,0.382,0.002
45892,2022-04-28 18:28:00,0.435,0.01,0.0069999999999999,0.23,0.334,0.462,0.386,0.002
45893,2022-04-28 18:29:00,0.413,0.011,0.006,0.229,0.323,0.466,0.366,0.002
45894,2022-04-28 18:30:00,0.436,0.011,0.0069999999999999,0.256,0.357,0.523,0.376,0.002
45895,2022-04-28 18:31:00,0.447,0.01,0.0069999999999999,0.251,0.349,0.511,0.368,0.002
45896,2022-04-28 18:32:00,0.473,0.008,0.0069999999999999,0.266,0.37,0.536,0.373,0.002
45897,2022-04-28 18:33:00,0.447,0.008,0.0069999999999999,0.259,0.36,0.511,0.35,0.002
45898,2022-04-28 18:34:00,0.481,0.009,0.008,0.267,0.372,0.549,0.373,0.002
45899,2022-04-28 18:35:00,0.456,0.0069999999999999,0.008,0.253,0.343,0.494,0.334,0.002
45900,2022-04-28 18:36:00,0.476,0.0069999999999999,0.008,0.277,0.35,0.521,0.363,0.002
45901,2022-04-28 18:37:00,0.445,0.006,0.008,0.269,0.345,0.526,0.347,0.002
45902,2022-04-28 18:38:00,0.447,0.0069999999999999,0.008,0.276,0.358,0.521,0.364,0.002
45903,2022-04-28 18:39:00,0.448,0.0069999999999999,0.008,0.262,0.345,0.5,0.352,0.002
45904,2022-04-28 18:40:00,0.427,0.008,0.006,0.267,0.337,0.489,0.338,0.002
45905,2022-04-28 18:41:00,0.409,0.008,0.0069999999999999,0.293,0.334,0.504,0.338,0.002
45906,2022-04-28 18:42:00,0.402,0.008,0.0069999999999999,0.282,0.326,0.483,0.321,0.002
45907,2022-04-28 18:43:00,0.428,0.008,0.027,0.279,0.336,0.501,0.33,0.002
45908,2022-04-28 18:44:00,0.411,0.009,0.025,0.286,0.34,0.503,0.345,0.002
45909,2022-04-28 18:45:00,0.395,0.008,0.026,0.285,0.344,0.509,0.336,0.002
45910,2022-04-28 18:46:00,0.395,0.0069999999999999,0.024,0.28,0.338,0.478,0.337,0.002
45911,2022-04-28 18:47:00,0.364,0.0069999999999999,0.026,0.247,0.319,0.438,0.325,0.002
45912,2022-04-28 18:48:00,0.361,0.0069999999999999,0.022,0.256,0.311,0.449,0.317,0.002
45913,2022-04-28 18:49:00,0.364,0.006,0.025,0.255,0.322,0.458,0.314,0.002
45914,2022-04-28 18:50:00,0.369,0.006,0.025,0.265,0.336,0.459,0.313,0.001
45915,2022-04-28 18:51:00,0.331,0.005,0.025,0.235,0.301,0.439,0.292,0.002
45916,2022-04-28 18:52:00,0.357,0.006,0.024,0.255,0.323,0.476,0.309,0.002
45917,2022-04-28 18:53:00,0.328,0.006,0.023,0.245,0.307,0.447,0.283,0.002
45918,2022-04-28 18:54:00,0.327,0.0069999999999999,0.006,0.237,0.301,0.45,0.269,0.002
45919,2022-04-28 18:55:00,0.339,0.006,0.006,0.251,0.311,0.488,0.278,0.002
45920,2022-04-28 18:56:00,0.324,0.006,0.006,0.251,0.32,0.472,0.275,0.002
45921,2022-04-28 18:57:00,0.335,0.0069999999999999,0.006,0.273,0.333,0.498,0.283,0.002
45922,2022-04-28 18:58:00,0.317,0.006,0.0069999999999999,0.266,0.319,0.493,0.271,0.002
45923,2022-04-28 18:59:00,0.352,0.0069999999999999,0.0069999999999999,0.277,0.352,0.512,0.286,0.002
45924,2022-04-28 19:00:00,0.323,0.0069999999999999,0.0069999999999999,0.251,0.319,0.479,0.275,0.002
45925,2022-04-28 19:01:00,0.355,0.0069999999999999,0.0069999999999999,0.273,0.344,0.51,0.29,0.002
45926,2022-04-28 19:02:00,0.34,0.0069999999999999,0.0069999999999999,0.261,0.339,0.518,0.266,0.002
45927,2022-04-28 19:03:00,0.351,0.009,0.0069999999999999,0.274,0.342,0.511,0.266,0.002
45928,2022-04-28 19:04:00,0.357,0.005,0.008,0.29,0.383,0.547,0.284,0.002
45929,2022-04-28 19:05:00,0.361,0.006,0.008,0.295,0.386,0.553,0.283,0.002
45930,2022-04-28 19:06:00,0.357,0.01,0.008,0.286,0.422,0.535,0.29,0.002
45931,2022-04-28 19:07:00,0.377,0.011,0.008,0.292,0.419,0.553,0.302,0.002
45932,2022-04-28 19:08:00,0.36,0.011,0.0069999999999999,0.276,0.4,0.536,0.286,0.002
45933,2022-04-28 19:09:00,0.36,0.011,0.025,0.285,0.397,0.532,0.294,0.002
45934,2022-04-28 19:10:00,0.362,0.008,0.024,0.277,0.391,0.525,0.291,0.002
45935,2022-04-28 19:11:00,0.351,0.008,0.025,0.273,0.37,0.483,0.278,0.002
45936,2022-04-28 19:12:00,0.369,0.008,0.023,0.268,0.357,0.485,0.293,0.002
45937,2022-04-28 19:13:00,0.371,0.008,0.024,0.262,0.359,0.466,0.291,0.002
45938,2022-04-28 19:14:00,0.353,0.0069999999999999,0.024,0.242,0.327,0.451,0.289,0.002
45939,2022-04-28 19:15:00,0.356,0.0069999999999999,0.023,0.227,0.303,0.423,0.287,0.002
45940,2022-04-28 19:16:00,0.344,0.006,0.023,0.235,0.282,0.423,0.304,0.002
45941,2022-04-28 19:17:00,0.324,0.006,0.023,0.233,0.272,0.42,0.283,0.002
45942,2022-04-28 19:18:00,0.34,0.006,0.022,0.255,0.303,0.457,0.308,0.002
45943,2022-04-28 19:19:00,0.314,0.006,0.006,0.225,0.298,0.433,0.276,0.002
45944,2022-04-28 19:20:00,0.338,0.006,0.0069999999999999,0.242,0.308,0.451,0.286,0.002
45945,2022-04-28 19:21:00,0.343,0.006,0.0069999999999999,0.255,0.319,0.467,0.283,0.002
45946,2022-04-28 19:22:00,0.329,0.003,0.0069999999999999,0.242,0.321,0.477,0.258,0.002
45947,2022-04-28 19:23:00,0.37,0.004,0.008,0.258,0.357,0.519,0.288,0.002
45948,2022-04-28 19:24:00,0.339,0.004,0.0069999999999999,0.253,0.346,0.504,0.274,0.002
45949,2022-04-28 19:25:00,0.404,0.004,0.008,0.277,0.398,0.561,0.325,0.002
45950,2022-04-28 19:26:00,0.391,0.004,0.008,0.273,0.39,0.534,0.312,0.002
45951,2022-04-28 19:27:00,0.427,0.004,0.008,0.287,0.4,0.577,0.334,0.002
45952,2022-04-28 19:28:00,0.396,0.004,0.008,0.282,0.393,0.558,0.319,0.002
45953,2022-04-28 19:29:00,0.418,0.005,0.008,0.305,0.414,0.598,0.357,0.002
45954,2022-04-28 19:30:00,0.419,0.005,0.0069999999999999,0.321,0.43,0.603,0.339,0.002
45955,2022-04-28 19:31:00,0.415,0.005,0.008,0.339,0.431,0.594,0.352,0.002
45956,2022-04-28 19:32:00,0.423,0.005,0.008,0.342,0.424,0.597,0.364,0.002
45957,2022-04-28 19:33:00,0.409,0.004,0.008,0.346,0.426,0.601,0.349,0.002
45958,2022-04-28 19:34:00,0.391,0.004,0.008,0.322,0.405,0.568,0.316,0.002
45959,2022-04-28 19:35:00,0.371,0.004,0.008,0.298,0.453,0.595,0.301,0.002
45960,2022-04-28 19:36:00,0.385,0.005,0.008,0.304,0.457,0.583,0.315,0.002
45961,2022-04-28 19:37:00,0.369,0.005,0.008,0.288,0.448,0.583,0.304,0.002
45962,2022-04-28 19:38:00,0.391,0.005,0.008,0.314,0.478,0.609,0.334,0.002
45963,2022-04-28 19:39:00,0.375,0.004,0.0069999999999999,0.288,0.428,0.562,0.3,0.002
45964,2022-04-28 19:40:00,0.398,0.004,0.008,0.303,0.459,0.565,0.307,0.002
45965,2022-04-28 19:41:00,0.367,0.003,0.0069999999999999,0.289,0.433,0.533,0.285,0.002
45966,2022-04-28 19:42:00,0.393,0.003,0.0069999999999999,0.304,0.446,0.563,0.337,0.002
45967,2022-04-28 19:43:00,0.373,0.003,0.008,0.298,0.435,0.556,0.308,0.002
45968,2022-04-28 19:44:00,0.407,0.002,0.0069999999999999,0.31,0.45,0.583,0.332,0.002
45969,2022-04-28 19:45:00,0.367,0.003,0.0069999999999999,0.279,0.406,0.554,0.3,0.002
45970,2022-04-28 19:46:00,0.393,0.003,0.0069999999999999,0.28,0.415,0.55,0.321,0.002
45971,2022-04-28 19:47:00,0.387,0.004,0.008,0.3,0.413,0.539,0.303,0.002
45972,2022-04-28 19:48:00,0.395,0.005,0.0069999999999999,0.318,0.401,0.569,0.314,0.003
45973,2022-04-28 19:49:00,0.39,0.005,0.008,0.32,0.403,0.574,0.314,0.003
45974,2022-04-28 19:50:00,0.386,0.005,0.008,0.322,0.408,0.596,0.296,0.003
45975,2022-04-28 19:51:00,0.426,0.004,0.008,0.343,0.423,0.626,0.333,0.003
45976,2022-04-28 19:52:00,0.392,0.005,0.008,0.322,0.392,0.587,0.295,0.002
45977,2022-04-28 19:53:00,0.387,0.005,0.009,0.333,0.397,0.599,0.328,0.002
45978,2022-04-28 19:54:00,0.393,0.0069999999999999,0.008,0.333,0.39,0.586,0.329,0.002
45979,2022-04-28 19:55:00,0.379,0.006,0.009,0.335,0.386,0.586,0.301,0.002
45980,2022-04-28 19:56:00,0.401,0.006,0.008,0.355,0.4,0.61,0.32,0.002
45981,2022-04-28 19:57:00,0.379,0.006,0.008,0.33,0.383,0.585,0.308,0.002
45982,2022-04-28 19:58:00,0.358,0.0069999999999999,0.008,0.334,0.414,0.599,0.287,0.003
45983,2022-04-28 19:59:00,0.366,0.006,0.009,0.322,0.426,0.607,0.293,0.003
45984,2022-04-28 20:00:00,0.355,0.006,0.008,0.308,0.401,0.572,0.269,0.003
45985,2022-04-28 20:01:00,0.342,0.006,0.008,0.303,0.399,0.562,0.282,0.003
45986,2022-04-28 20:02:00,0.34,0.006,0.009,0.312,0.414,0.596,0.288,0.003
45987,2022-04-28 20:03:00,0.337,0.006,0.009,0.307,0.408,0.583,0.265,0.003
45988,2022-04-28 20:04:00,0.353,0.006,0.009,0.304,0.415,0.603,0.285,0.003
45989,2022-04-28 20:05:00,0.369,0.005,0.009,0.309,0.416,0.61,0.27,0.003
45990,2022-04-28 20:06:00,0.349,0.005,0.009,0.301,0.396,0.583,0.271,0.002
45991,2022-04-28 20:07:00,0.377,0.005,0.01,0.324,0.433,0.63,0.277,0.003
45992,2022-04-28 20:08:00,0.34,0.005,0.009,0.312,0.406,0.608,0.267,0.003
45993,2022-04-28 20:09:00,0.341,0.005,0.01,0.314,0.417,0.617,0.272,0.002
45994,2022-04-28 20:10:00,0.365,0.006,0.01,0.347,0.465,0.661,0.29,0.002
45995,2022-04-28 20:11:00,0.345,0.005,0.01,0.342,0.445,0.653,0.278,0.002
45996,2022-04-28 20:12:00,0.368,0.006,0.01,0.36,0.467,0.685,0.283,0.002
45997,2022-04-28 20:13:00,0.397,0.006,0.008,0.377,0.494,0.681,0.306,0.003
45998,2022-04-28 20:14:00,0.401,0.006,0.008,0.37,0.486,0.661,0.318,0.003
45999,2022-04-28 20:15:00,0.374,0.005,0.008,0.372,0.467,0.649,0.307,0.003
46000,2022-04-28 20:16:00,0.354,0.005,0.0069999999999999,0.346,0.442,0.619,0.279,0.003
46001,2022-04-28 20:17:00,0.357,0.006,0.008,0.347,0.449,0.622,0.293,0.003
46002,2022-04-28 20:18:00,0.366,0.006,0.008,0.361,0.473,0.645,0.324,0.003
46003,2022-04-28 20:19:00,0.4,0.006,0.008,0.36,0.473,0.642,0.339,0.003
46004,2022-04-28 20:20:00,0.371,0.006,0.008,0.353,0.464,0.632,0.308,0.003
46005,2022-04-28 20:21:00,0.405,0.0069999999999999,0.008,0.367,0.484,0.651,0.339,0.003
46006,2022-04-28 20:22:00,0.377,0.0069999999999999,0.008,0.347,0.453,0.607,0.303,0.003
46007,2022-04-28 20:23:00,0.384,0.0069999999999999,0.008,0.347,0.456,0.642,0.324,0.003
46008,2022-04-28 20:24:00,0.36,0.0069999999999999,0.0069999999999999,0.335,0.434,0.582,0.29,0.003
46009,2022-04-28 20:25:00,0.413,0.0069999999999999,0.008,0.338,0.456,0.634,0.316,0.003
46010,2022-04-28 20:26:00,0.409,0.0069999999999999,0.008,0.329,0.438,0.62,0.313,0.003
46011,2022-04-28 20:26:00,0.425,0.008,0.008,0.341,0.46,0.63,0.337,0.003
46012,2022-04-28 20:27:00,0.382,0.0069999999999999,0.008,0.337,0.451,0.626,0.3,0.003
46013,2022-04-28 20:28:00,0.39,0.005,0.008,0.351,0.467,0.659,0.314,0.003
46014,2022-04-28 20:29:00,0.403,0.005,0.008,0.359,0.448,0.646,0.313,0.003
46015,2022-04-28 20:30:00,0.394,0.004,0.009,0.355,0.458,0.625,0.324,0.003
46016,2022-04-28 20:31:00,0.405,0.004,0.009,0.367,0.476,0.657,0.332,0.003
46017,2022-04-28 20:32:00,0.371,0.003,0.008,0.348,0.46,0.645,0.28,0.002
46018,2022-04-28 20:33:00,0.431,0.004,0.009,0.406,0.519,0.716,0.326,0.002
46019,2022-04-28 20:34:00,0.38,0.003,0.008,0.36,0.466,0.638,0.285,0.002
46020,2022-04-28 20:35:00,0.42,0.006,0.01,0.398,0.502,0.707,0.322,0.003
46021,2022-04-28 20:36:00,0.37,0.0069999999999999,0.009,0.393,0.509,0.69,0.291,0.002
46022,2022-04-28 20:37:00,0.428,0.008,0.01,0.392,0.518,0.694,0.34,0.002
46023,2022-04-28 20:38:00,0.4,0.0069999999999999,0.009,0.388,0.526,0.675,0.305,0.002
46024,2022-04-28 20:39:00,0.444,0.006,0.009,0.392,0.529,0.704,0.335,0.002
46025,2022-04-28 20:40:00,0.374,0.006,0.009,0.382,0.511,0.696,0.294,0.002
46026,2022-04-28 20:41:00,0.391,0.006,0.01,0.368,0.504,0.701,0.31,0.002
46027,2022-04-28 20:42:00,0.398,0.0069999999999999,0.01,0.375,0.526,0.732,0.331,0.003
46028,2022-04-28 20:43:00,0.378,0.0069999999999999,0.009,0.372,0.531,0.73,0.321,0.003
46029,2022-04-28 20:44:00,0.431,0.0069999999999999,0.01,0.403,0.562,0.758,0.327,0.003
46030,2022-04-28 20:45:00,0.416,0.0069999999999999,0.01,0.4,0.551,0.749,0.298,0.003
46031,2022-04-28 20:46:00,0.436,0.0069999999999999,0.01,0.396,0.552,0.733,0.309,0.003
46032,2022-04-28 20:47:00,0.403,0.0069999999999999,0.01,0.383,0.525,0.71,0.272,0.003
46033,2022-04-28 20:48:00,0.39,0.006,0.01,0.363,0.523,0.689,0.282,0.003
46034,2022-04-28 20:49:00,0.362,0.006,0.01,0.364,0.516,0.697,0.274,0.003
46035,2022-04-28 20:50:00,0.397,0.006,0.01,0.361,0.528,0.704,0.311,0.004
46036,2022-04-28 20:51:00,0.372,0.005,0.009,0.347,0.524,0.697,0.291,0.004
46037,2022-04-28 20:52:00,0.399,0.005,0.008,0.352,0.521,0.7,0.312,0.003
46038,2022-04-28 20:53:00,0.341,0.004,0.008,0.33,0.472,0.646,0.279,0.003
46039,2022-04-28 20:54:00,0.374,0.005,0.009,0.347,0.482,0.668,0.322,0.003
46040,2022-04-28 20:55:00,0.357,0.005,0.008,0.342,0.472,0.665,0.302,0.004
46041,2022-04-28 20:56:00,0.397,0.0069999999999999,0.008,0.351,0.501,0.696,0.331,0.003
46042,2022-04-28 20:57:00,0.413,0.0069999999999999,0.009,0.35,0.508,0.707,0.326,0.003
46043,2022-04-28 20:58:00,0.407,0.0069999999999999,0.009,0.358,0.515,0.722,0.327,0.003
46044,2022-04-28 20:59:00,0.406,0.0069999999999999,0.009,0.377,0.525,0.726,0.315,0.003
46045,2022-04-28 21:00:00,0.417,0.0069999999999999,0.009,0.353,0.505,0.702,0.312,0.003
46046,2022-04-28 21:01:00,0.417,0.0069999999999999,0.009,0.35,0.484,0.666,0.332,0.003
46047,2022-04-28 21:02:00,0.419,0.006,0.009,0.349,0.484,0.67,0.302,0.002
46048,2022-04-28 21:03:00,0.43,0.006,0.009,0.346,0.484,0.68,0.316,0.002
46049,2022-04-28 21:04:00,0.419,0.0069999999999999,0.009,0.353,0.487,0.7,0.305,0.002
46050,2022-04-28 21:05:00,0.407,0.0069999999999999,0.009,0.346,0.489,0.655,0.311,0.003
46051,2022-04-28 21:06:00,0.441,0.006,0.011,0.364,0.495,0.657,0.311,0.003
46052,2022-04-28 21:07:00,0.416,0.005,0.011,0.342,0.473,0.652,0.301,0.004
46053,2022-04-28 21:08:00,0.428,0.005,0.011,0.357,0.492,0.69,0.325,0.004
46054,2022-04-28 21:09:00,0.416,0.005,0.011,0.337,0.477,0.656,0.321,0.004
46055,2022-04-28 21:10:00,0.4,0.005,0.01,0.362,0.503,0.674,0.324,0.004
46056,2022-04-28 21:11:00,0.411,0.005,0.01,0.402,0.524,0.705,0.327,0.004
46057,2022-04-28 21:12:00,0.382,0.005,0.01,0.397,0.52,0.665,0.299,0.004
46058,2022-04-28 21:13:00,0.408,0.004,0.01,0.414,0.584,0.702,0.323,0.004
46059,2022-04-28 21:14:00,0.362,0.005,0.009,0.404,0.543,0.661,0.288,0.004
46060,2022-04-28 21:15:00,0.399,0.005,0.01,0.424,0.577,0.718,0.321,0.004
46061,2022-04-28 21:16:00,0.366,0.005,0.009,0.416,0.56,0.695,0.296,0.003
46062,2022-04-28 21:17:00,0.405,0.005,0.009,0.448,0.58,0.73,0.328,0.002
46063,2022-04-28 21:18:00,0.371,0.004,0.009,0.426,0.557,0.693,0.305,0.002
46064,2022-04-28 21:19:00,0.413,0.004,0.009,0.447,0.581,0.742,0.328,0.003
46065,2022-04-28 21:20:00,0.4,0.005,0.009,0.41,0.545,0.69,0.312,0.003
46066,2022-04-28 21:21:00,0.409,0.005,0.008,0.399,0.52,0.686,0.32,0.002
46067,2022-04-28 21:22:00,0.447,0.005,0.008,0.373,0.526,0.685,0.35,0.003
46068,2022-04-28 21:23:00,0.389,0.004,0.009,0.365,0.514,0.666,0.297,0.003
46069,2022-04-28 21:24:00,0.444,0.006,0.009,0.38,0.528,0.711,0.335,0.003
46070,2022-04-28 21:25:00,0.387,0.003,0.008,0.348,0.483,0.646,0.293,0.002
46071,2022-04-28 21:26:00,0.435,0.004,0.008,0.358,0.496,0.668,0.326,0.002
46072,2022-04-28 21:27:00,0.39,0.004,0.008,0.335,0.472,0.624,0.3,0.002
46073,2022-04-28 21:28:00,0.412,0.006,0.008,0.33,0.465,0.63,0.307,0.002
46074,2022-04-28 21:29:00,0.387,0.008,0.008,0.325,0.471,0.619,0.28,0.002
46075,2022-04-28 21:30:00,0.414,0.008,0.008,0.333,0.48,0.632,0.297,0.002
46076,2022-04-28 21:31:00,0.372,0.0069999999999999,0.009,0.352,0.49,0.668,0.296,0.002
46077,2022-04-28 21:32:00,0.354,0.0069999999999999,0.009,0.349,0.481,0.634,0.283,0.002
46078,2022-04-28 21:33:00,0.373,0.0069999999999999,0.009,0.358,0.492,0.656,0.301,0.002
46079,2022-04-28 21:34:00,0.36,0.006,0.009,0.363,0.494,0.656,0.306,0.002
46080,2022-04-28 21:35:00,0.374,0.006,0.009,0.376,0.519,0.698,0.306,0.003
46081,2022-04-28 21:36:00,0.394,0.0069999999999999,0.009,0.383,0.533,0.711,0.314,0.003
46082,2022-04-28 21:37:00,0.376,0.0069999999999999,0.008,0.358,0.493,0.661,0.29,0.002
46083,2022-04-28 21:38:00,0.411,0.0069999999999999,0.008,0.371,0.489,0.669,0.313,0.003
46084,2022-04-28 21:39:00,0.392,0.0069999999999999,0.008,0.34,0.438,0.599,0.284,0.002
46085,2022-04-28 21:40:00,0.416,0.0069999999999999,0.008,0.349,0.451,0.634,0.3,0.002
46086,2022-04-28 21:41:00,0.407,0.006,0.0069999999999999,0.347,0.437,0.612,0.289,0.002
46087,2022-04-28 21:42:00,0.427,0.0069999999999999,0.0069999999999999,0.361,0.469,0.628,0.286,0.002
46088,2022-04-28 21:43:00,0.422,0.009,0.0069999999999999,0.377,0.481,0.644,0.309,0.002
46089,2022-04-28 21:44:00,0.396,0.009,0.0069999999999999,0.377,0.477,0.651,0.292,0.002
46090,2022-04-28 21:45:00,0.384,0.008,0.0069999999999999,0.358,0.443,0.612,0.286,0.002
46091,2022-04-28 21:46:00,0.359,0.0069999999999999,0.0069999999999999,0.327,0.418,0.587,0.267,0.002
46092,2022-04-28 21:47:00,0.398,0.006,0.0069999999999999,0.35,0.429,0.632,0.291,0.002
46093,2022-04-28 21:48:00,0.376,0.006,0.0069999999999999,0.331,0.42,0.595,0.283,0.002
46094,2022-04-28 21:49:00,0.367,0.006,0.008,0.342,0.427,0.615,0.289,0.002
46095,2022-04-28 21:50:00,0.368,0.009,0.008,0.334,0.444,0.606,0.291,0.002
46096,2022-04-28 21:51:00,0.34,0.009,0.008,0.333,0.43,0.62,0.271,0.002
46097,2022-04-28 21:52:00,0.351,0.009,0.008,0.346,0.437,0.625,0.275,0.002
46098,2022-04-28 21:53:00,0.33,0.0069999999999999,0.008,0.324,0.417,0.614,0.267,0.002
46099,2022-04-28 21:54:00,0.346,0.0069999999999999,0.008,0.315,0.41,0.602,0.27,0.002
46100,2022-04-28 21:55:00,0.32,0.0069999999999999,0.008,0.317,0.404,0.591,0.271,0.002
46101,2022-04-28 21:56:00,0.328,0.0069999999999999,0.008,0.315,0.384,0.587,0.278,0.002
46102,2022-04-28 21:57:00,0.331,0.004,0.009,0.317,0.399,0.58,0.28,0.002
46103,2022-04-28 21:58:00,0.319,0.004,0.009,0.32,0.42,0.61,0.263,0.002
46104,2022-04-28 21:59:00,0.333,0.004,0.009,0.324,0.436,0.604,0.284,0.002
46105,2022-04-28 22:00:00,0.32,0.004,0.009,0.332,0.44,0.603,0.257,0.002
46106,2022-04-28 22:01:00,0.341,0.004,0.009,0.368,0.453,0.633,0.284,0.002
46107,2022-04-28 22:02:00,0.311,0.004,0.008,0.34,0.43,0.58,0.246,0.002
46108,2022-04-28 22:03:00,0.352,0.004,0.008,0.358,0.429,0.61,0.281,0.002
46109,2022-04-28 22:04:00,0.329,0.005,0.008,0.341,0.43,0.593,0.259,0.002
46110,2022-04-28 22:05:00,0.397,0.004,0.008,0.379,0.464,0.681,0.304,0.003
46111,2022-04-28 22:06:00,0.36,0.004,0.008,0.358,0.466,0.651,0.292,0.002
46112,2022-04-28 22:07:00,0.373,0.004,0.008,0.384,0.485,0.689,0.29,0.003
46113,2022-04-28 22:08:00,0.364,0.004,0.0069999999999999,0.362,0.457,0.624,0.296,0.003
46114,2022-04-28 22:09:00,0.382,0.005,0.0069999999999999,0.365,0.457,0.652,0.315,0.003
46115,2022-04-28 22:10:00,0.363,0.004,0.008,0.348,0.457,0.63,0.294,0.003
46116,2022-04-28 22:11:00,0.402,0.004,0.008,0.349,0.44,0.666,0.319,0.002
46117,2022-04-28 22:12:00,0.411,0.005,0.008,0.349,0.44,0.656,0.32,0.002
46118,2022-04-28 22:13:00,0.398,0.004,0.008,0.345,0.449,0.634,0.312,0.002
46119,2022-04-28 22:14:00,0.407,0.004,0.0069999999999999,0.329,0.417,0.59,0.322,0.002
46120,2022-04-28 22:15:00,0.375,0.004,0.008,0.322,0.405,0.608,0.311,0.002
46121,2022-04-28 22:16:00,0.376,0.004,0.008,0.321,0.4,0.615,0.319,0.002
46122,2022-04-28 22:17:00,0.367,0.004,0.009,0.32,0.398,0.607,0.306,0.002
46123,2022-04-28 22:18:00,0.367,0.004,0.01,0.323,0.396,0.599,0.303,0.002
46124,2022-04-28 22:19:00,0.35,0.003,0.009,0.311,0.387,0.591,0.299,0.002
46125,2022-04-28 22:20:00,0.358,0.004,0.009,0.304,0.365,0.551,0.295,0.002
46126,2022-04-28 22:21:00,0.337,0.004,0.008,0.3,0.36,0.575,0.266,0.002
46127,2022-04-28 22:22:00,0.37,0.005,0.008,0.334,0.406,0.622,0.301,0.003
46128,2022-04-28 22:23:00,0.333,0.005,0.008,0.326,0.393,0.597,0.271,0.003
46129,2022-04-28 22:24:00,0.355,0.0069999999999999,0.009,0.328,0.418,0.641,0.294,0.003
46130,2022-04-28 22:25:00,0.34,0.0069999999999999,0.009,0.325,0.429,0.599,0.266,0.003
46131,2022-04-28 22:26:00,0.378,0.008,0.01,0.334,0.439,0.61,0.304,0.003
46132,2022-04-28 22:27:00,0.36,0.0069999999999999,0.009,0.322,0.437,0.594,0.306,0.003
46133,2022-04-28 22:28:00,0.39,0.0069999999999999,0.009,0.328,0.449,0.652,0.315,0.003
46134,2022-04-28 22:29:00,0.375,0.0069999999999999,0.009,0.33,0.468,0.641,0.317,0.003
46135,2022-04-28 22:30:00,0.398,0.0069999999999999,0.009,0.347,0.489,0.67,0.323,0.003
46136,2022-04-28 22:31:00,0.385,0.008,0.009,0.322,0.478,0.631,0.313,0.003
46137,2022-04-28 22:32:00,0.389,0.0069999999999999,0.009,0.323,0.476,0.632,0.305,0.003
46138,2022-04-28 22:33:00,0.403,0.0069999999999999,0.009,0.332,0.478,0.642,0.319,0.003
46139,2022-04-28 22:34:00,0.414,0.008,0.008,0.324,0.472,0.663,0.341,0.003
46140,2022-04-28 22:35:00,0.369,0.005,0.0069999999999999,0.312,0.438,0.639,0.306,0.004
46141,2022-04-28 22:36:00,0.382,0.006,0.0069999999999999,0.309,0.447,0.656,0.31,0.003
46142,2022-04-28 22:37:00,0.36,0.006,0.0069999999999999,0.3,0.434,0.645,0.298,0.003
46143,2022-04-28 22:38:00,0.346,0.005,0.0069999999999999,0.302,0.432,0.619,0.287,0.004
46144,2022-04-28 22:39:00,0.361,0.006,0.0069999999999999,0.296,0.407,0.588,0.303,0.003
46145,2022-04-28 22:40:00,0.341,0.005,0.0069999999999999,0.29,0.4,0.588,0.29,0.003
46146,2022-04-28 22:41:00,0.335,0.005,0.0069999999999999,0.278,0.381,0.567,0.287,0.003
46147,2022-04-28 22:42:00,0.388,0.005,0.0069999999999999,0.307,0.398,0.569,0.318,0.003
46148,2022-04-28 22:43:00,0.345,0.005,0.0069999999999999,0.293,0.384,0.527,0.301,0.002
46149,2022-04-28 22:44:00,0.377,0.005,0.0069999999999999,0.316,0.405,0.56,0.308,0.002
46150,2022-04-28 22:45:00,0.373,0.005,0.0069999999999999,0.289,0.381,0.556,0.305,0.002
46151,2022-04-28 22:46:00,0.411,0.005,0.008,0.316,0.411,0.575,0.334,0.002
46152,2022-04-28 22:47:00,0.421,0.005,0.008,0.325,0.427,0.597,0.331,0.002
46153,2022-04-28 22:48:00,0.41,0.005,0.008,0.313,0.413,0.598,0.325,0.002
46154,2022-04-28 22:49:00,0.412,0.006,0.0069999999999999,0.306,0.4,0.592,0.333,0.002
46155,2022-04-28 22:50:00,0.413,0.006,0.008,0.301,0.406,0.591,0.316,0.002
46156,2022-04-28 22:51:00,0.441,0.006,0.0069999999999999,0.31,0.42,0.601,0.33,0.002
46157,2022-04-28 22:52:00,0.363,0.005,0.0069999999999999,0.256,0.372,0.548,0.299,0.002
46158,2022-04-28 22:53:00,0.404,0.006,0.0069999999999999,0.299,0.408,0.581,0.315,0.002
46159,2022-04-28 22:54:00,0.36,0.004,0.0069999999999999,0.265,0.371,0.545,0.283,0.002
46160,2022-04-28 22:55:00,0.41,0.006,0.008,0.294,0.406,0.601,0.309,0.002
46161,2022-04-28 22:56:00,0.373,0.006,0.0069999999999999,0.261,0.365,0.531,0.271,0.002
46162,2022-04-28 22:57:00,0.404,0.006,0.008,0.268,0.365,0.561,0.3,0.002
46163,2022-04-28 22:58:00,0.356,0.006,0.008,0.273,0.361,0.554,0.288,0.002
46164,2022-04-28 22:59:00,0.385,0.0069999999999999,0.008,0.278,0.382,0.594,0.298,0.002
46165,2022-04-28 23:00:00,0.366,0.006,0.008,0.3,0.401,0.591,0.285,0.002
46166,2022-04-28 23:01:00,0.366,0.006,0.008,0.298,0.41,0.612,0.282,0.002
46167,2022-04-28 23:02:00,0.366,0.006,0.009,0.298,0.405,0.588,0.294,0.002
46168,2022-04-28 23:03:00,0.343,0.0069999999999999,0.009,0.301,0.409,0.594,0.274,0.002
46169,2022-04-28 23:04:00,0.365,0.009,0.01,0.305,0.419,0.601,0.309,0.002
46170,2022-04-28 23:05:00,0.351,0.006,0.01,0.296,0.399,0.586,0.293,0.002
46171,2022-04-28 23:06:00,0.379,0.006,0.01,0.319,0.448,0.636,0.311,0.002
46172,2022-04-28 23:07:00,0.357,0.004,0.009,0.314,0.446,0.608,0.295,0.002
46173,2022-04-28 23:08:00,0.374,0.004,0.008,0.327,0.463,0.619,0.316,0.002
46174,2022-04-28 23:09:00,0.337,0.004,0.008,0.303,0.449,0.599,0.276,0.002
46175,2022-04-28 23:10:00,0.378,0.006,0.008,0.321,0.463,0.642,0.31,0.002
46176,2022-04-28 23:11:00,0.331,0.005,0.008,0.311,0.44,0.599,0.273,0.002
46177,2022-04-28 23:12:00,0.403,0.005,0.008,0.343,0.494,0.661,0.321,0.002
46178,2022-04-28 23:13:00,0.359,0.005,0.008,0.331,0.472,0.63,0.295,0.002
46179,2022-04-28 23:14:00,0.391,0.005,0.008,0.33,0.492,0.651,0.31,0.002
46180,2022-04-28 23:15:00,0.364,0.003,0.008,0.332,0.482,0.63,0.298,0.002
46181,2022-04-28 23:16:00,0.422,0.005,0.008,0.348,0.515,0.677,0.346,0.002
46182,2022-04-28 23:17:00,0.414,0.004,0.008,0.344,0.492,0.675,0.315,0.003
46183,2022-04-28 23:18:00,0.423,0.0069999999999999,0.008,0.355,0.491,0.673,0.317,0.003
46184,2022-04-28 23:19:00,0.468,0.0069999999999999,0.009,0.353,0.519,0.701,0.332,0.003
46185,2022-04-28 23:20:00,0.423,0.006,0.008,0.355,0.542,0.688,0.324,0.003
46186,2022-04-28 23:21:00,0.459,0.006,0.009,0.374,0.546,0.711,0.357,0.003
46187,2022-04-28 23:22:00,0.437,0.008,0.008,0.371,0.544,0.715,0.359,0.003
46188,2022-04-28 23:23:00,0.407,0.008,0.009,0.385,0.56,0.719,0.34,0.003
46189,2022-04-28 23:24:00,0.411,0.008,0.009,0.394,0.567,0.749,0.357,0.003
46190,2022-04-28 23:25:00,0.418,0.008,0.009,0.382,0.564,0.713,0.353,0.003
46191,2022-04-28 23:26:00,0.392,0.006,0.009,0.381,0.548,0.705,0.328,0.003
46192,2022-04-28 23:27:00,0.415,0.0069999999999999,0.009,0.392,0.568,0.716,0.357,0.003
46193,2022-04-28 23:28:00,0.4,0.006,0.009,0.388,0.561,0.723,0.345,0.003
46194,2022-04-28 23:29:00,0.382,0.004,0.009,0.387,0.547,0.698,0.32,0.003
46195,2022-04-28 23:30:00,0.384,0.004,0.009,0.381,0.546,0.675,0.335,0.003
46196,2022-04-28 23:31:00,0.363,0.004,0.009,0.39,0.57,0.683,0.319,0.003
46197,2022-04-28 23:32:00,0.352,0.004,0.008,0.367,0.531,0.647,0.297,0.002
46198,2022-04-28 23:33:00,0.389,0.0069999999999999,0.008,0.375,0.538,0.691,0.32,0.002
46199,2022-04-28 23:34:00,0.343,0.0069999999999999,0.008,0.367,0.507,0.677,0.284,0.002
46200,2022-04-28 23:35:00,0.373,0.0069999999999999,0.009,0.404,0.553,0.727,0.315,0.002
46201,2022-04-28 23:36:00,0.387,0.0069999999999999,0.009,0.382,0.562,0.732,0.319,0.002
46202,2022-04-28 23:37:00,0.381,0.006,0.009,0.381,0.553,0.773,0.31,0.002
46203,2022-04-28 23:38:00,0.407,0.0069999999999999,0.009,0.392,0.567,0.787,0.323,0.003
46204,2022-04-28 23:39:00,0.392,0.006,0.008,0.364,0.533,0.753,0.302,0.002
46205,2022-04-28 23:40:00,0.429,0.0069999999999999,0.008,0.381,0.543,0.741,0.331,0.002
46206,2022-04-28 23:41:00,0.386,0.0069999999999999,0.008,0.351,0.502,0.682,0.29,0.002
46207,2022-04-28 23:42:00,0.418,0.006,0.008,0.376,0.522,0.731,0.333,0.002
46208,2022-04-28 23:43:00,0.384,0.005,0.009,0.371,0.512,0.707,0.305,0.002
46209,2022-04-28 23:44:00,0.386,0.005,0.009,0.385,0.53,0.716,0.313,0.002
46210,2022-04-28 23:45:00,0.413,0.006,0.009,0.384,0.518,0.698,0.31,0.002
46211,2022-04-28 23:46:00,0.391,0.011,0.009,0.371,0.502,0.657,0.293,0.002
46212,2022-04-28 23:47:00,0.429,0.011,0.009,0.378,0.524,0.705,0.314,0.003
46213,2022-04-28 23:48:00,0.364,0.011,0.009,0.366,0.491,0.639,0.281,0.003
46214,2022-04-28 23:49:00,0.401,0.011,0.009,0.396,0.537,0.692,0.299,0.003
46215,2022-04-28 23:50:00,0.364,0.011,0.009,0.38,0.513,0.665,0.277,0.003
46216,2022-04-28 23:51:00,0.36,0.011,0.009,0.373,0.527,0.669,0.28,0.003
46217,2022-04-28 23:52:00,0.36,0.01,0.009,0.379,0.512,0.68,0.28,0.003
46218,2022-04-28 23:53:00,0.365,0.01,0.009,0.369,0.486,0.637,0.279,0.003
46219,2022-04-28 23:54:00,0.363,0.01,0.009,0.368,0.489,0.658,0.277,0.003
46220,2022-04-28 23:55:00,0.344,0.01,0.009,0.343,0.463,0.627,0.271,0.003
46221,2022-04-28 23:56:00,0.38,0.012,0.008,0.374,0.479,0.669,0.312,0.002
46222,2022-04-28 23:57:00,0.346,0.006,0.008,0.335,0.439,0.605,0.283,0.002
46223,2022-04-28 23:58:00,0.394,0.0069999999999999,0.008,0.35,0.478,0.659,0.33,0.002
46224,2022-04-28 23:59:00,0.332,0.0069999999999999,0.008,0.328,0.434,0.609,0.307,0.002
46225,2022-04-29 00:00:00,0.38,0.0069999999999999,0.009,0.335,0.435,0.63,0.324,0.002
46226,2022-04-29 00:01:00,0.365,0.0069999999999999,0.009,0.325,0.423,0.609,0.322,0.002
46227,2022-04-29 00:02:00,0.36,0.0069999999999999,0.009,0.322,0.412,0.607,0.321,0.002
46228,2022-04-29 00:03:00,0.353,0.0069999999999999,0.009,0.293,0.39,0.578,0.313,0.002
46229,2022-04-29 00:04:00,0.366,0.0069999999999999,0.009,0.296,0.396,0.625,0.313,0.002
46230,2022-04-29 00:05:00,0.356,0.0069999999999999,0.0289999999999999,0.309,0.434,0.651,0.301,0.002
46231,2022-04-29 00:06:00,0.373,0.005,0.03,0.314,0.431,0.625,0.308,0.002
46232,2022-04-29 00:07:00,0.367,0.005,0.03,0.324,0.451,0.634,0.3,0.002
46233,2022-04-29 00:08:00,0.353,0.005,0.0279999999999999,0.35,0.443,0.618,0.293,0.002
46234,2022-04-29 00:09:00,0.4,0.005,0.03,0.382,0.51,0.668,0.332,0.002
46235,2022-04-29 00:10:00,0.346,0.004,0.0289999999999999,0.352,0.497,0.634,0.283,0.002
46236,2022-04-29 00:11:00,0.369,0.006,0.0289999999999999,0.357,0.518,0.659,0.314,0.003
46237,2022-04-29 00:12:00,0.361,0.006,0.027,0.347,0.502,0.618,0.319,0.003
46238,2022-04-29 00:13:00,0.374,0.005,0.0279999999999999,0.361,0.569,0.687,0.33,0.003
46239,2022-04-29 00:14:00,0.366,0.006,0.027,0.369,0.571,0.669,0.323,0.003
46240,2022-04-29 00:15:00,0.363,0.005,0.009,0.351,0.525,0.627,0.306,0.002
46241,2022-04-29 00:16:00,0.39,0.005,0.009,0.362,0.546,0.614,0.312,0.003
46242,2022-04-29 00:17:00,0.365,0.005,0.01,0.364,0.534,0.594,0.295,0.003
46243,2022-04-29 00:18:00,0.359,0.005,0.01,0.369,0.525,0.605,0.294,0.003
46244,2022-04-29 00:19:00,0.36,0.005,0.01,0.374,0.503,0.611,0.299,0.003
46245,2022-04-29 00:20:00,0.396,0.005,0.01,0.392,0.49,0.634,0.317,0.003
46246,2022-04-29 00:21:00,0.353,0.005,0.009,0.358,0.462,0.606,0.293,0.002
46247,2022-04-29 00:22:00,0.391,0.005,0.009,0.358,0.475,0.641,0.313,0.002
46248,2022-04-29 00:23:00,0.355,0.005,0.009,0.337,0.444,0.601,0.298,0.002
46249,2022-04-29 00:24:00,0.381,0.005,0.009,0.349,0.457,0.626,0.299,0.002
46250,2022-04-29 00:25:00,0.4,0.005,0.009,0.351,0.455,0.626,0.3,0.003
46251,2022-04-29 00:26:00,0.382,0.0069999999999999,0.009,0.362,0.43,0.626,0.284,0.003
46252,2022-04-29 00:27:00,0.42,0.006,0.01,0.382,0.465,0.698,0.313,0.003
46253,2022-04-29 00:28:00,0.364,0.005,0.009,0.345,0.425,0.616,0.279,0.003
46254,2022-04-29 00:29:00,0.381,0.004,0.009,0.345,0.414,0.648,0.293,0.003
46255,2022-04-29 00:30:00,0.356,0.004,0.008,0.337,0.438,0.646,0.293,0.003
46256,2022-04-29 00:31:00,0.342,0.004,0.008,0.325,0.416,0.622,0.288,0.003
46257,2022-04-29 00:32:00,0.357,0.006,0.008,0.33,0.406,0.621,0.306,0.003
46258,2022-04-29 00:33:00,0.352,0.006,0.008,0.323,0.404,0.614,0.294,0.003
46259,2022-04-29 00:34:00,0.341,0.004,0.008,0.327,0.406,0.612,0.301,0.003
46260,2022-04-29 00:35:00,0.333,0.004,0.0069999999999999,0.3,0.378,0.58,0.298,0.003
46261,2022-04-29 00:36:00,0.333,0.004,0.0069999999999999,0.308,0.377,0.585,0.275,0.003
46262,2022-04-29 00:37:00,0.328,0.005,0.0069999999999999,0.294,0.365,0.521,0.313,0.003
46263,2022-04-29 00:38:00,0.344,0.005,0.006,0.296,0.364,0.548,0.305,0.002
46264,2022-04-29 00:39:00,0.328,0.004,0.006,0.302,0.375,0.535,0.302,0.003
46265,2022-04-29 00:40:00,0.309,0.003,0.006,0.293,0.356,0.539,0.284,0.002
46266,2022-04-29 00:41:00,0.338,0.005,0.006,0.296,0.39,0.588,0.31,0.002
46267,2022-04-29 00:42:00,0.324,0.004,0.006,0.285,0.364,0.554,0.255,0.002
46268,2022-04-29 00:43:00,0.383,0.004,0.0069999999999999,0.298,0.395,0.577,0.298,0.002
46269,2022-04-29 00:44:00,0.35,0.004,0.0069999999999999,0.303,0.379,0.566,0.287,0.002
46270,2022-04-29 00:45:00,0.369,0.004,0.008,0.33,0.424,0.626,0.308,0.005
46271,2022-04-29 00:46:00,0.358,0.004,0.008,0.322,0.419,0.604,0.306,0.005
46272,2022-04-29 00:47:00,0.379,0.004,0.009,0.33,0.435,0.631,0.338,0.005
46273,2022-04-29 00:48:00,0.353,0.005,0.009,0.336,0.439,0.646,0.304,0.005
46274,2022-04-29 00:49:00,0.353,0.005,0.009,0.355,0.473,0.666,0.305,0.005
46275,2022-04-29 00:50:00,0.373,0.005,0.009,0.353,0.499,0.65,0.313,0.005
46276,2022-04-29 00:51:00,0.352,0.005,0.009,0.35,0.48,0.631,0.292,0.005
46277,2022-04-29 00:52:00,0.372,0.005,0.01,0.364,0.483,0.657,0.306,0.005
46278,2022-04-29 00:53:00,0.327,0.004,0.01,0.342,0.479,0.631,0.29,0.005
46279,2022-04-29 00:54:00,0.368,0.005,0.01,0.362,0.481,0.661,0.311,0.005
46280,2022-04-29 00:55:00,0.339,0.005,0.009,0.347,0.455,0.615,0.296,0.002
46281,2022-04-29 00:56:00,0.348,0.005,0.009,0.335,0.443,0.611,0.3,0.002
46282,2022-04-29 00:57:00,0.354,0.004,0.009,0.339,0.453,0.609,0.311,0.002
46283,2022-04-29 00:58:00,0.354,0.004,0.009,0.331,0.438,0.593,0.298,0.002
46284,2022-04-29 00:59:00,0.351,0.005,0.008,0.334,0.433,0.589,0.294,0.002
46285,2022-04-29 01:00:00,0.338,0.004,0.008,0.313,0.393,0.552,0.281,0.002
46286,2022-04-29 01:01:00,0.337,0.004,0.008,0.321,0.406,0.576,0.284,0.002
46287,2022-04-29 01:02:00,0.337,0.005,0.008,0.308,0.392,0.557,0.277,0.002
46288,2022-04-29 01:03:00,0.341,0.006,0.008,0.301,0.396,0.558,0.267,0.002
46289,2022-04-29 01:04:00,0.335,0.005,0.0069999999999999,0.314,0.382,0.556,0.259,0.002
46290,2022-04-29 01:05:00,0.316,0.006,0.0069999999999999,0.311,0.388,0.555,0.25,0.002
46291,2022-04-29 01:06:00,0.346,0.006,0.008,0.337,0.423,0.602,0.278,0.002
46292,2022-04-29 01:07:00,0.315,0.006,0.0069999999999999,0.34,0.412,0.586,0.253,0.002
46293,2022-04-29 01:08:00,0.343,0.006,0.008,0.363,0.447,0.639,0.277,0.002
46294,2022-04-29 01:09:00,0.308,0.0069999999999999,0.0069999999999999,0.333,0.414,0.579,0.255,0.002
46295,2022-04-29 01:10:00,0.329,0.0069999999999999,0.0069999999999999,0.369,0.448,0.634,0.279,0.002
46296,2022-04-29 01:11:00,0.32,0.005,0.008,0.371,0.453,0.642,0.261,0.002
46297,2022-04-29 01:12:00,0.333,0.004,0.008,0.368,0.466,0.673,0.276,0.002
46298,2022-04-29 01:13:00,0.324,0.004,0.008,0.347,0.448,0.612,0.267,0.003
46299,2022-04-29 01:14:00,0.313,0.006,0.008,0.346,0.437,0.609,0.26,0.003
46300,2022-04-29 01:15:00,0.328,0.006,0.009,0.349,0.441,0.613,0.27,0.003
46301,2022-04-29 01:16:00,0.353,0.006,0.008,0.359,0.444,0.63,0.271,0.003
46302,2022-04-29 01:17:00,0.362,0.006,0.008,0.348,0.437,0.606,0.303,0.003
46303,2022-04-29 01:18:00,0.346,0.006,0.008,0.339,0.435,0.614,0.298,0.003
46304,2022-04-29 01:19:00,0.37,0.009,0.008,0.355,0.461,0.631,0.308,0.003
46305,2022-04-29 01:20:00,0.339,0.008,0.008,0.334,0.434,0.626,0.277,0.003
46306,2022-04-29 01:21:00,0.392,0.011,0.008,0.335,0.461,0.632,0.326,0.003
46307,2022-04-29 01:22:00,0.341,0.011,0.008,0.345,0.431,0.592,0.303,0.003
46308,2022-04-29 01:23:00,0.392,0.01,0.008,0.357,0.456,0.655,0.338,0.003
46309,2022-04-29 01:24:00,0.367,0.011,0.008,0.357,0.465,0.655,0.308,0.003
46310,2022-04-29 01:25:00,0.392,0.01,0.008,0.382,0.482,0.689,0.327,0.003
46311,2022-04-29 01:26:00,0.371,0.009,0.009,0.367,0.501,0.685,0.311,0.003
46312,2022-04-29 01:27:00,0.392,0.009,0.009,0.384,0.502,0.693,0.325,0.002
46313,2022-04-29 01:28:00,0.353,0.008,0.009,0.357,0.464,0.652,0.302,0.003
46314,2022-04-29 01:29:00,0.377,0.0069999999999999,0.009,0.365,0.482,0.672,0.355,0.002
46315,2022-04-29 01:30:00,0.366,0.004,0.008,0.355,0.467,0.641,0.29,0.003
46316,2022-04-29 01:31:00,0.357,0.004,0.008,0.352,0.462,0.627,0.291,0.002
46317,2022-04-29 01:32:00,0.339,0.004,0.008,0.342,0.445,0.601,0.278,0.002
46318,2022-04-29 01:33:00,0.325,0.004,0.008,0.335,0.441,0.617,0.266,0.002
46319,2022-04-29 01:34:00,0.325,0.004,0.0069999999999999,0.317,0.425,0.573,0.277,0.002
46320,2022-04-29 01:35:00,0.324,0.005,0.0069999999999999,0.328,0.41,0.572,0.266,0.002
46321,2022-04-29 01:36:00,0.283,0.005,0.0069999999999999,0.307,0.389,0.525,0.256,0.002
46322,2022-04-29 01:37:00,0.315,0.005,0.0069999999999999,0.317,0.403,0.547,0.27,0.002
46323,2022-04-29 01:38:00,0.305,0.005,0.0069999999999999,0.319,0.401,0.551,0.266,0.002
46324,2022-04-29 01:39:00,0.309,0.0069999999999999,0.0069999999999999,0.307,0.389,0.552,0.275,0.002
46325,2022-04-29 01:40:00,0.348,0.006,0.008,0.337,0.403,0.581,0.305,0.002
46326,2022-04-29 01:41:00,0.311,0.0069999999999999,0.008,0.331,0.389,0.563,0.271,0.002
46327,2022-04-29 01:42:00,0.342,0.008,0.008,0.346,0.411,0.592,0.295,0.003
46328,2022-04-29 01:43:00,0.331,0.006,0.008,0.326,0.38,0.543,0.281,0.002
46329,2022-04-29 01:44:00,0.362,0.0069999999999999,0.008,0.351,0.413,0.591,0.3,0.003
46330,2022-04-29 01:45:00,0.324,0.0069999999999999,0.008,0.302,0.382,0.537,0.268,0.002
46331,2022-04-29 01:46:00,0.363,0.0069999999999999,0.008,0.34,0.412,0.585,0.294,0.002
46332,2022-04-29 01:47:00,0.316,0.0069999999999999,0.008,0.327,0.388,0.536,0.272,0.002
46333,2022-04-29 01:48:00,0.368,0.0069999999999999,0.008,0.342,0.413,0.579,0.311,0.002
46334,2022-04-29 01:49:00,0.342,0.0069999999999999,0.008,0.338,0.415,0.575,0.289,0.002
46335,2022-04-29 01:50:00,0.34,0.0069999999999999,0.008,0.331,0.425,0.595,0.278,0.002
46336,2022-04-29 01:51:00,0.373,0.0069999999999999,0.008,0.351,0.452,0.607,0.314,0.003
46337,2022-04-29 01:52:00,0.346,0.005,0.008,0.345,0.446,0.597,0.288,0.002
46338,2022-04-29 01:53:00,0.377,0.005,0.008,0.357,0.473,0.65,0.297,0.003
46339,2022-04-29 01:54:00,0.341,0.005,0.009,0.337,0.454,0.614,0.28,0.003
46340,2022-04-29 01:55:00,0.392,0.008,0.009,0.355,0.481,0.669,0.309,0.003
46341,2022-04-29 01:56:00,0.378,0.005,0.009,0.335,0.454,0.638,0.286,0.002
46342,2022-04-29 01:57:00,0.367,0.005,0.009,0.349,0.451,0.665,0.308,0.003
46343,2022-04-29 01:58:00,0.351,0.004,0.009,0.344,0.443,0.618,0.297,0.002
46344,2022-04-29 01:59:00,0.348,0.004,0.009,0.337,0.431,0.607,0.287,0.002
46345,2022-04-29 02:00:00,0.349,0.005,0.008,0.328,0.423,0.574,0.277,0.002
46346,2022-04-29 02:01:00,0.36,0.006,0.008,0.309,0.408,0.574,0.293,0.002
46347,2022-04-29 02:02:00,0.338,0.005,0.008,0.297,0.398,0.566,0.276,0.002
46348,2022-04-29 02:03:00,0.35,0.006,0.008,0.305,0.399,0.583,0.297,0.002
46349,2022-04-29 02:04:00,0.375,0.005,0.008,0.316,0.397,0.578,0.308,0.002
46350,2022-04-29 02:05:00,0.35,0.004,0.0069999999999999,0.314,0.382,0.545,0.282,0.002
46351,2022-04-29 02:06:00,0.369,0.004,0.0069999999999999,0.338,0.389,0.553,0.31,0.002
46352,2022-04-29 02:07:00,0.33,0.004,0.0069999999999999,0.329,0.368,0.533,0.283,0.002
46353,2022-04-29 02:08:00,0.344,0.005,0.0069999999999999,0.328,0.38,0.568,0.299,0.002
46354,2022-04-29 02:09:00,0.317,0.005,0.0069999999999999,0.309,0.366,0.518,0.289,0.002
46355,2022-04-29 02:10:00,0.359,0.008,0.0069999999999999,0.323,0.386,0.558,0.332,0.002
46356,2022-04-29 02:11:00,0.32,0.006,0.006,0.284,0.339,0.488,0.294,0.002
46357,2022-04-29 02:12:00,0.366,0.006,0.0069999999999999,0.291,0.363,0.531,0.326,0.002
46358,2022-04-29 02:13:00,0.326,0.006,0.0069999999999999,0.277,0.334,0.486,0.29,0.002
46359,2022-04-29 02:14:00,0.344,0.005,0.0069999999999999,0.299,0.341,0.517,0.302,0.002
46360,2022-04-29 02:15:00,0.313,0.0069999999999999,0.0069999999999999,0.265,0.315,0.484,0.29,0.002
46361,2022-04-29 02:16:00,0.329,0.0069999999999999,0.0069999999999999,0.279,0.334,0.549,0.287,0.002
46362,2022-04-29 02:17:00,0.36,0.0069999999999999,0.0069999999999999,0.294,0.356,0.544,0.312,0.002
46363,2022-04-29 02:18:00,0.329,0.006,0.0069999999999999,0.285,0.346,0.528,0.276,0.002
46364,2022-04-29 02:19:00,0.362,0.0069999999999999,0.0069999999999999,0.315,0.374,0.557,0.32,0.002
46365,2022-04-29 02:20:00,0.31,0.006,0.0069999999999999,0.298,0.384,0.549,0.275,0.002
46366,2022-04-29 02:21:00,0.34,0.006,0.008,0.333,0.417,0.609,0.29,0.002
46367,2022-04-29 02:22:00,0.291,0.006,0.008,0.325,0.412,0.582,0.255,0.003
46368,2022-04-29 02:23:00,0.336,0.0069999999999999,0.008,0.34,0.437,0.59,0.278,0.003
46369,2022-04-29 02:24:00,0.297,0.0069999999999999,0.008,0.31,0.403,0.54,0.247,0.003
46370,2022-04-29 02:25:00,0.35,0.006,0.0069999999999999,0.337,0.436,0.607,0.286,0.003
46371,2022-04-29 02:26:00,0.311,0.006,0.0069999999999999,0.308,0.41,0.574,0.244,0.003
46372,2022-04-29 02:27:00,0.362,0.006,0.0069999999999999,0.35,0.431,0.615,0.279,0.002
46373,2022-04-29 02:28:00,0.333,0.004,0.0069999999999999,0.327,0.4,0.588,0.259,0.002
46374,2022-04-29 02:29:00,0.365,0.005,0.008,0.345,0.41,0.605,0.275,0.002
46375,2022-04-29 02:30:00,0.342,0.005,0.008,0.328,0.383,0.563,0.253,0.002
46376,2022-04-29 02:31:00,0.377,0.006,0.008,0.329,0.389,0.587,0.279,0.002
46377,2022-04-29 02:32:00,0.367,0.006,0.0069999999999999,0.298,0.354,0.541,0.276,0.002
46378,2022-04-29 02:33:00,0.39,0.0069999999999999,0.0069999999999999,0.304,0.395,0.594,0.29,0.002
46379,2022-04-29 02:34:00,0.391,0.0069999999999999,0.0069999999999999,0.316,0.414,0.623,0.281,0.002
46380,2022-04-29 02:35:00,0.367,0.0069999999999999,0.0069999999999999,0.338,0.39,0.575,0.28,0.002
46381,2022-04-29 02:36:00,0.367,0.0069999999999999,0.008,0.335,0.395,0.582,0.284,0.002
46382,2022-04-29 02:37:00,0.375,0.006,0.008,0.328,0.404,0.589,0.307,0.002
46383,2022-04-29 02:38:00,0.373,0.006,0.008,0.336,0.407,0.592,0.317,0.002
46384,2022-04-29 02:39:00,0.366,0.005,0.0069999999999999,0.341,0.43,0.589,0.31,0.002
46385,2022-04-29 02:40:00,0.363,0.005,0.0069999999999999,0.347,0.444,0.624,0.315,0.002
46386,2022-04-29 02:41:00,0.353,0.005,0.008,0.337,0.432,0.596,0.301,0.002
46387,2022-04-29 02:42:00,0.353,0.005,0.008,0.336,0.427,0.604,0.295,0.002
46388,2022-04-29 02:43:00,0.355,0.005,0.008,0.335,0.447,0.578,0.268,0.002
46389,2022-04-29 02:44:00,0.344,0.005,0.008,0.323,0.431,0.559,0.258,0.002
46390,2022-04-29 02:45:00,0.348,0.005,0.008,0.316,0.445,0.564,0.296,0.002
46391,2022-04-29 02:46:00,0.347,0.005,0.009,0.294,0.421,0.525,0.271,0.002
46392,2022-04-29 02:47:00,0.332,0.004,0.008,0.292,0.41,0.533,0.275,0.002
46393,2022-04-29 02:48:00,0.318,0.006,0.008,0.286,0.407,0.529,0.269,0.002
46394,2022-04-29 02:49:00,0.343,0.005,0.008,0.301,0.431,0.575,0.291,0.002
46395,2022-04-29 02:50:00,0.329,0.004,0.008,0.28,0.395,0.553,0.289,0.002
46396,2022-04-29 02:51:00,0.335,0.005,0.008,0.299,0.42,0.554,0.303,0.002
46397,2022-04-29 02:52:00,0.336,0.004,0.008,0.307,0.415,0.566,0.305,0.002
46398,2022-04-29 02:53:00,0.333,0.004,0.008,0.3,0.405,0.566,0.294,0.002
46399,2022-04-29 02:54:00,0.336,0.004,0.008,0.296,0.399,0.555,0.299,0.002
46400,2022-04-29 02:55:00,0.341,0.004,0.008,0.313,0.404,0.556,0.287,0.002
46401,2022-04-29 02:56:00,0.348,0.004,0.008,0.313,0.396,0.56,0.294,0.002
46402,2022-04-29 02:57:00,0.343,0.005,0.009,0.319,0.426,0.579,0.278,0.004
46403,2022-04-29 02:58:00,0.339,0.005,0.009,0.307,0.411,0.563,0.273,0.004
46404,2022-04-29 02:59:00,0.309,0.005,0.009,0.296,0.393,0.549,0.261,0.004
46405,2022-04-29 03:00:00,0.343,0.006,0.009,0.317,0.417,0.584,0.286,0.004
46406,2022-04-29 03:01:00,0.355,0.005,0.009,0.336,0.421,0.597,0.3,0.004
46407,2022-04-29 03:02:00,0.362,0.006,0.009,0.327,0.413,0.595,0.314,0.004
46408,2022-04-29 03:03:00,0.395,0.006,0.009,0.334,0.431,0.62,0.332,0.004
46409,2022-04-29 03:04:00,0.403,0.006,0.009,0.357,0.435,0.65,0.364,0.004
46410,2022-04-29 03:05:00,0.4,0.004,0.011,0.352,0.441,0.636,0.354,0.004
46411,2022-04-29 03:06:00,0.421,0.005,0.011,0.352,0.448,0.669,0.37,0.003
46412,2022-04-29 03:07:00,0.411,0.004,0.011,0.365,0.436,0.628,0.364,0.003
46413,2022-04-29 03:08:00,0.449,0.005,0.011,0.381,0.452,0.67,0.386,0.003
46414,2022-04-29 03:09:00,0.457,0.004,0.011,0.387,0.462,0.713,0.385,0.003
46415,2022-04-29 03:10:00,0.429,0.004,0.011,0.375,0.444,0.686,0.353,0.002
46416,2022-04-29 03:11:00,0.409,0.005,0.011,0.385,0.459,0.717,0.337,0.002
46417,2022-04-29 03:12:00,0.394,0.006,0.011,0.38,0.46,0.704,0.338,0.003
46418,2022-04-29 03:13:00,0.367,0.006,0.01,0.374,0.461,0.69,0.314,0.003
46419,2022-04-29 03:14:00,0.33,0.006,0.01,0.361,0.445,0.647,0.282,0.003
46420,2022-04-29 03:15:00,0.392,0.008,0.01,0.383,0.488,0.711,0.335,0.003
46421,2022-04-29 03:16:00,0.362,0.006,0.009,0.367,0.468,0.685,0.312,0.003
46422,2022-04-29 03:17:00,0.399,0.0069999999999999,0.009,0.379,0.484,0.67,0.309,0.003
46423,2022-04-29 03:18:00,0.357,0.0069999999999999,0.009,0.366,0.469,0.658,0.287,0.003
46424,2022-04-29 03:19:00,0.362,0.009,0.009,0.378,0.495,0.679,0.278,0.003
46425,2022-04-29 03:20:00,0.356,0.008,0.009,0.364,0.47,0.651,0.264,0.003
46426,2022-04-29 03:21:00,0.365,0.0069999999999999,0.009,0.369,0.48,0.659,0.293,0.003
46427,2022-04-29 03:22:00,0.357,0.008,0.009,0.363,0.479,0.667,0.284,0.003
46428,2022-04-29 03:23:00,0.371,0.013,0.009,0.364,0.489,0.664,0.286,0.003
46429,2022-04-29 03:24:00,0.356,0.012,0.009,0.353,0.48,0.648,0.28,0.003
46430,2022-04-29 03:25:00,0.364,0.012,0.01,0.353,0.472,0.657,0.273,0.003
46431,2022-04-29 03:26:00,0.353,0.011,0.01,0.342,0.45,0.619,0.252,0.003
46432,2022-04-29 03:27:00,0.33,0.009,0.009,0.331,0.451,0.611,0.263,0.003
46433,2022-04-29 03:28:00,0.338,0.009,0.009,0.316,0.433,0.59,0.266,0.003
46434,2022-04-29 03:29:00,0.322,0.006,0.012,0.321,0.44,0.577,0.264,0.003
46435,2022-04-29 03:30:00,0.336,0.006,0.011,0.307,0.415,0.555,0.268,0.002
46436,2022-04-29 03:31:00,0.358,0.0069999999999999,0.011,0.319,0.428,0.563,0.275,0.002
46437,2022-04-29 03:32:00,0.345,0.0069999999999999,0.012,0.304,0.406,0.526,0.272,0.003
46438,2022-04-29 03:33:00,0.355,0.006,0.011,0.301,0.429,0.557,0.276,0.003
46439,2022-04-29 03:34:00,0.357,0.0069999999999999,0.011,0.296,0.408,0.537,0.276,0.003
46440,2022-04-29 03:35:00,0.338,0.005,0.011,0.295,0.397,0.538,0.273,0.003
46441,2022-04-29 03:36:00,0.363,0.005,0.011,0.323,0.4,0.56,0.299,0.003
46442,2022-04-29 03:37:00,0.352,0.005,0.011,0.305,0.387,0.54,0.287,0.003
46443,2022-04-29 03:38:00,0.382,0.0069999999999999,0.011,0.299,0.393,0.553,0.301,0.003
46444,2022-04-29 03:39:00,0.329,0.0069999999999999,0.0069999999999999,0.267,0.354,0.503,0.275,0.003
46445,2022-04-29 03:40:00,0.387,0.0069999999999999,0.0069999999999999,0.294,0.39,0.542,0.319,0.002
46446,2022-04-29 03:41:00,0.342,0.0069999999999999,0.0069999999999999,0.281,0.368,0.53,0.279,0.002
46447,2022-04-29 03:42:00,0.387,0.0069999999999999,0.0069999999999999,0.311,0.37,0.589,0.329,0.002
46448,2022-04-29 03:43:00,0.337,0.0069999999999999,0.0069999999999999,0.286,0.339,0.519,0.259,0.002
46449,2022-04-29 03:44:00,0.378,0.006,0.0069999999999999,0.319,0.39,0.582,0.304,0.002
46450,2022-04-29 03:45:00,0.354,0.006,0.0069999999999999,0.295,0.361,0.546,0.288,0.002
46451,2022-04-29 03:46:00,0.357,0.006,0.008,0.299,0.379,0.575,0.294,0.002
46452,2022-04-29 03:47:00,0.335,0.0069999999999999,0.008,0.297,0.382,0.568,0.273,0.002
46453,2022-04-29 03:48:00,0.332,0.008,0.0069999999999999,0.305,0.399,0.585,0.264,0.002
46454,2022-04-29 03:49:00,0.359,0.0069999999999999,0.008,0.346,0.412,0.608,0.288,0.002
46455,2022-04-29 03:50:00,0.345,0.006,0.008,0.333,0.388,0.584,0.271,0.002
46456,2022-04-29 03:51:00,0.358,0.006,0.008,0.343,0.397,0.598,0.274,0.002
46457,2022-04-29 03:52:00,0.314,0.006,0.008,0.318,0.386,0.563,0.242,0.003
46458,2022-04-29 03:53:00,0.366,0.006,0.009,0.344,0.456,0.621,0.299,0.002
46459,2022-04-29 03:54:00,0.326,0.004,0.008,0.321,0.424,0.559,0.253,0.003
46460,2022-04-29 03:55:00,0.363,0.006,0.009,0.345,0.458,0.607,0.301,0.003
46461,2022-04-29 03:56:00,0.352,0.004,0.009,0.328,0.421,0.592,0.286,0.003
46462,2022-04-29 03:57:00,0.38,0.004,0.009,0.338,0.439,0.632,0.289,0.003
46463,2022-04-29 03:58:00,0.363,0.004,0.008,0.344,0.454,0.643,0.288,0.003
46464,2022-04-29 03:59:00,0.327,0.005,0.008,0.349,0.453,0.629,0.259,0.003
46465,2022-04-29 04:00:00,0.344,0.005,0.009,0.387,0.498,0.637,0.288,0.003
46466,2022-04-29 04:01:00,0.332,0.005,0.009,0.377,0.498,0.638,0.282,0.003
46467,2022-04-29 04:02:00,0.35,0.005,0.009,0.387,0.485,0.642,0.292,0.003
46468,2022-04-29 04:03:00,0.329,0.005,0.009,0.398,0.451,0.616,0.272,0.003
46469,2022-04-29 04:04:00,0.354,0.006,0.009,0.369,0.471,0.675,0.296,0.003
46470,2022-04-29 04:05:00,0.333,0.006,0.008,0.349,0.442,0.632,0.288,0.003
46471,2022-04-29 04:06:00,0.34,0.006,0.008,0.358,0.445,0.628,0.29,0.003
46472,2022-04-29 04:07:00,0.309,0.005,0.008,0.35,0.425,0.6,0.278,0.003
46473,2022-04-29 04:08:00,0.341,0.004,0.008,0.352,0.438,0.619,0.289,0.003
46474,2022-04-29 04:09:00,0.372,0.0069999999999999,0.008,0.342,0.46,0.618,0.302,0.002
46475,2022-04-29 04:10:00,0.34,0.004,0.008,0.328,0.431,0.598,0.283,0.002
46476,2022-04-29 04:11:00,0.349,0.004,0.008,0.322,0.437,0.605,0.299,0.002
46477,2022-04-29 04:12:00,0.354,0.004,0.0069999999999999,0.304,0.405,0.588,0.296,0.002
46478,2022-04-29 04:13:00,0.351,0.005,0.0069999999999999,0.307,0.385,0.563,0.292,0.002
46479,2022-04-29 04:14:00,0.363,0.005,0.0069999999999999,0.322,0.397,0.562,0.295,0.002
46480,2022-04-29 04:15:00,0.358,0.004,0.0069999999999999,0.312,0.369,0.538,0.291,0.003
46481,2022-04-29 04:16:00,0.36,0.004,0.0069999999999999,0.303,0.359,0.525,0.279,0.003
46482,2022-04-29 04:17:00,0.388,0.005,0.0069999999999999,0.321,0.391,0.564,0.3,0.003
46483,2022-04-29 04:18:00,0.361,0.005,0.0069999999999999,0.281,0.356,0.498,0.272,0.002
46484,2022-04-29 04:19:00,0.374,0.006,0.0069999999999999,0.297,0.372,0.542,0.292,0.002
46485,2022-04-29 04:20:00,0.352,0.006,0.0069999999999999,0.278,0.353,0.519,0.291,0.002
46486,2022-04-29 04:21:00,0.381,0.006,0.0069999999999999,0.313,0.366,0.541,0.303,0.002
46487,2022-04-29 04:22:00,0.352,0.006,0.0069999999999999,0.294,0.368,0.54,0.282,0.002
46488,2022-04-29 04:23:00,0.364,0.006,0.008,0.309,0.39,0.575,0.305,0.002
46489,2022-04-29 04:24:00,0.332,0.006,0.008,0.282,0.368,0.541,0.276,0.002
46490,2022-04-29 04:25:00,0.351,0.006,0.008,0.3,0.387,0.602,0.293,0.002
46491,2022-04-29 04:26:00,0.374,0.006,0.008,0.308,0.4,0.616,0.305,0.002
46492,2022-04-29 04:27:00,0.318,0.005,0.0069999999999999,0.272,0.354,0.535,0.271,0.002
46493,2022-04-29 04:28:00,0.36,0.005,0.008,0.292,0.398,0.607,0.288,0.002
46494,2022-04-29 04:29:00,0.316,0.005,0.0069999999999999,0.276,0.362,0.558,0.248,0.002
46495,2022-04-29 04:30:00,0.366,0.005,0.008,0.323,0.412,0.61,0.289,0.002
46496,2022-04-29 04:31:00,0.334,0.005,0.008,0.302,0.395,0.579,0.25,0.002
46497,2022-04-29 04:32:00,0.371,0.008,0.008,0.324,0.424,0.632,0.287,0.002
46498,2022-04-29 04:33:00,0.35,0.0069999999999999,0.0069999999999999,0.301,0.402,0.579,0.264,0.002
46499,2022-04-29 04:34:00,0.388,0.0069999999999999,0.0069999999999999,0.331,0.448,0.633,0.292,0.002
46500,2022-04-29 04:35:00,0.347,0.0069999999999999,0.0069999999999999,0.345,0.453,0.606,0.281,0.002
46501,2022-04-29 04:36:00,0.374,0.0069999999999999,0.008,0.351,0.498,0.658,0.286,0.002
46502,2022-04-29 04:37:00,0.371,0.0069999999999999,0.008,0.357,0.517,0.673,0.286,0.002
46503,2022-04-29 04:38:00,0.36,0.0069999999999999,0.008,0.368,0.55,0.681,0.272,0.002
46504,2022-04-29 04:39:00,0.398,0.0069999999999999,0.008,0.386,0.554,0.695,0.316,0.002
46505,2022-04-29 04:40:00,0.362,0.0069999999999999,0.008,0.372,0.51,0.677,0.292,0.002
46506,2022-04-29 04:41:00,0.367,0.006,0.009,0.35,0.496,0.649,0.298,0.002
46507,2022-04-29 04:42:00,0.419,0.004,0.009,0.364,0.517,0.676,0.321,0.002
46508,2022-04-29 04:43:00,0.447,0.004,0.01,0.419,0.537,0.734,0.338,0.002
46509,2022-04-29 04:44:00,0.427,0.004,0.01,0.421,0.526,0.721,0.328,0.002
46510,2022-04-29 04:45:00,0.463,0.005,0.009,0.423,0.523,0.734,0.358,0.002
46511,2022-04-29 04:46:00,0.409,0.004,0.009,0.396,0.488,0.668,0.313,0.003
46512,2022-04-29 04:47:00,0.454,0.004,0.009,0.383,0.511,0.659,0.349,0.003
46513,2022-04-29 04:48:00,0.41,0.004,0.009,0.376,0.475,0.639,0.305,0.003
46514,2022-04-29 04:49:00,0.42,0.005,0.009,0.379,0.476,0.647,0.325,0.002
46515,2022-04-29 04:50:00,0.428,0.005,0.009,0.38,0.486,0.66,0.333,0.002
46516,2022-04-29 04:51:00,0.438,0.006,0.009,0.387,0.505,0.69,0.357,0.003
46517,2022-04-29 04:52:00,0.396,0.006,0.008,0.369,0.474,0.636,0.31,0.002
46518,2022-04-29 04:53:00,0.393,0.006,0.008,0.344,0.48,0.651,0.339,0.002
46519,2022-04-29 04:54:00,0.362,0.006,0.0069999999999999,0.325,0.432,0.61,0.274,0.002
46520,2022-04-29 04:55:00,0.374,0.0069999999999999,0.0069999999999999,0.328,0.46,0.63,0.306,0.002
46521,2022-04-29 04:56:00,0.384,0.005,0.0069999999999999,0.345,0.477,0.665,0.306,0.002
46522,2022-04-29 04:57:00,0.389,0.0069999999999999,0.008,0.345,0.495,0.667,0.317,0.002
46523,2022-04-29 04:58:00,0.398,0.005,0.008,0.354,0.495,0.656,0.311,0.003
46524,2022-04-29 04:59:00,0.4,0.005,0.008,0.365,0.496,0.665,0.316,0.002
46525,2022-04-29 05:00:00,0.357,0.005,0.008,0.342,0.455,0.604,0.301,0.002
46526,2022-04-29 05:01:00,0.367,0.005,0.008,0.342,0.467,0.616,0.312,0.003
46527,2022-04-29 05:02:00,0.392,0.005,0.008,0.355,0.489,0.643,0.328,0.003
46528,2022-04-29 05:03:00,0.397,0.005,0.008,0.365,0.514,0.648,0.328,0.003
46529,2022-04-29 05:04:00,0.404,0.006,0.008,0.378,0.5,0.658,0.342,0.003
46530,2022-04-29 05:05:00,0.416,0.006,0.008,0.37,0.478,0.648,0.346,0.003
46531,2022-04-29 05:06:00,0.384,0.0069999999999999,0.008,0.336,0.438,0.607,0.314,0.003
46532,2022-04-29 05:07:00,0.386,0.0069999999999999,0.008,0.344,0.454,0.642,0.315,0.003
46533,2022-04-29 05:08:00,0.397,0.006,0.008,0.348,0.438,0.624,0.35,0.003
46534,2022-04-29 05:09:00,0.366,0.006,0.008,0.337,0.424,0.615,0.32,0.003
46535,2022-04-29 05:10:00,0.394,0.006,0.009,0.355,0.45,0.652,0.342,0.003
46536,2022-04-29 05:11:00,0.369,0.006,0.009,0.349,0.445,0.615,0.304,0.003
46537,2022-04-29 05:12:00,0.372,0.006,0.009,0.361,0.446,0.622,0.318,0.003
46538,2022-04-29 05:13:00,0.345,0.006,0.009,0.338,0.418,0.596,0.3,0.003
46539,2022-04-29 05:14:00,0.349,0.004,0.01,0.337,0.422,0.61,0.29,0.003
46540,2022-04-29 05:15:00,0.365,0.004,0.009,0.34,0.433,0.621,0.31,0.003
46541,2022-04-29 05:16:00,0.35,0.004,0.01,0.34,0.442,0.628,0.3,0.003
46542,2022-04-29 05:17:00,0.345,0.004,0.01,0.335,0.432,0.609,0.297,0.003
46543,2022-04-29 05:18:00,0.35,0.004,0.01,0.324,0.41,0.582,0.297,0.003
46544,2022-04-29 05:19:00,0.359,0.004,0.009,0.33,0.434,0.631,0.314,0.003
46545,2022-04-29 05:20:00,0.347,0.004,0.008,0.308,0.41,0.581,0.304,0.002
46546,2022-04-29 05:21:00,0.348,0.004,0.0069999999999999,0.295,0.372,0.568,0.288,0.002
46547,2022-04-29 05:22:00,0.351,0.004,0.0069999999999999,0.295,0.374,0.563,0.278,0.002
46548,2022-04-29 05:23:00,0.34,0.004,0.0069999999999999,0.286,0.347,0.524,0.281,0.002
46549,2022-04-29 05:24:00,0.36,0.004,0.0069999999999999,0.284,0.328,0.51,0.295,0.002
46550,2022-04-29 05:25:00,0.349,0.004,0.0069999999999999,0.277,0.319,0.485,0.287,0.002
46551,2022-04-29 05:26:00,0.363,0.004,0.0069999999999999,0.276,0.323,0.486,0.294,0.002
46552,2022-04-29 05:27:00,0.352,0.004,0.006,0.275,0.31,0.475,0.276,0.002
46553,2022-04-29 05:28:00,0.333,0.004,0.006,0.255,0.282,0.441,0.273,0.001
46554,2022-04-29 05:29:00,0.347,0.004,0.005,0.237,0.301,0.442,0.285,0.002
46555,2022-04-29 05:30:00,0.347,0.004,0.005,0.235,0.289,0.431,0.281,0.001
46556,2022-04-29 05:31:00,0.384,0.004,0.005,0.264,0.301,0.457,0.321,0.001
46557,2022-04-29 05:32:00,0.35,0.004,0.005,0.245,0.293,0.439,0.272,0.001
46558,2022-04-29 05:33:00,0.387,0.004,0.0069999999999999,0.255,0.333,0.483,0.312,0.001
46559,2022-04-29 05:34:00,0.385,0.004,0.006,0.241,0.321,0.459,0.291,0.001
46560,2022-04-29 05:35:00,0.399,0.005,0.0069999999999999,0.251,0.343,0.493,0.302,0.001
46561,2022-04-29 05:36:00,0.378,0.005,0.0069999999999999,0.251,0.345,0.492,0.28,0.002
46562,2022-04-29 05:37:00,0.344,0.005,0.0069999999999999,0.264,0.352,0.52,0.284,0.002
46563,2022-04-29 05:38:00,0.384,0.005,0.0069999999999999,0.297,0.384,0.551,0.302,0.002
46564,2022-04-29 05:39:00,0.333,0.004,0.0069999999999999,0.265,0.349,0.511,0.262,0.002
46565,2022-04-29 05:40:00,0.349,0.004,0.008,0.303,0.387,0.592,0.282,0.002
46566,2022-04-29 05:41:00,0.34,0.004,0.008,0.307,0.409,0.609,0.272,0.002
46567,2022-04-29 05:42:00,0.354,0.004,0.0069999999999999,0.3,0.396,0.581,0.273,0.002
46568,2022-04-29 05:43:00,0.352,0.006,0.0069999999999999,0.315,0.42,0.61,0.296,0.002
46569,2022-04-29 05:44:00,0.34,0.006,0.0069999999999999,0.318,0.418,0.624,0.289,0.002
46570,2022-04-29 05:45:00,0.35,0.006,0.0069999999999999,0.308,0.421,0.623,0.291,0.002
46571,2022-04-29 05:46:00,0.359,0.006,0.008,0.326,0.438,0.653,0.292,0.002
46572,2022-04-29 05:47:00,0.372,0.006,0.008,0.328,0.451,0.659,0.303,0.002
46573,2022-04-29 05:48:00,0.359,0.005,0.008,0.314,0.431,0.612,0.288,0.002
46574,2022-04-29 05:49:00,0.419,0.006,0.008,0.336,0.445,0.641,0.326,0.002
46575,2022-04-29 05:50:00,0.377,0.006,0.009,0.321,0.428,0.604,0.291,0.002
46576,2022-04-29 05:51:00,0.43,0.006,0.009,0.348,0.458,0.639,0.315,0.002
46577,2022-04-29 05:52:00,0.405,0.006,0.009,0.35,0.461,0.661,0.303,0.002
46578,2022-04-29 05:53:00,0.405,0.006,0.008,0.366,0.484,0.685,0.314,0.003
46579,2022-04-29 05:54:00,0.43,0.008,0.009,0.373,0.501,0.684,0.329,0.002
46580,2022-04-29 05:55:00,0.403,0.008,0.008,0.365,0.493,0.672,0.305,0.003
46581,2022-04-29 05:56:00,0.418,0.008,0.008,0.353,0.495,0.662,0.34,0.003
46582,2022-04-29 05:57:00,0.396,0.008,0.008,0.34,0.459,0.621,0.325,0.003
46583,2022-04-29 05:58:00,0.387,0.0069999999999999,0.008,0.353,0.458,0.654,0.317,0.003
46584,2022-04-29 05:59:00,0.416,0.0069999999999999,0.008,0.359,0.473,0.664,0.32,0.003
46585,2022-04-29 06:00:00,0.382,0.0069999999999999,0.008,0.34,0.454,0.633,0.315,0.003
46586,2022-04-29 06:01:00,0.362,0.006,0.008,0.351,0.505,0.654,0.276,0.003
46587,2022-04-29 06:02:00,0.375,0.0069999999999999,0.008,0.344,0.513,0.641,0.292,0.002
46588,2022-04-29 06:03:00,0.372,0.0069999999999999,0.0069999999999999,0.349,0.494,0.66,0.296,0.003
46589,2022-04-29 06:04:00,0.377,0.0069999999999999,0.0069999999999999,0.342,0.478,0.628,0.303,0.003
46590,2022-04-29 06:05:00,0.366,0.0069999999999999,0.0069999999999999,0.335,0.459,0.622,0.287,0.002
46591,2022-04-29 06:06:00,0.351,0.0069999999999999,0.008,0.333,0.445,0.613,0.293,0.002
46592,2022-04-29 06:07:00,0.345,0.0069999999999999,0.008,0.321,0.433,0.615,0.28,0.002
46593,2022-04-29 06:08:00,0.361,0.0069999999999999,0.008,0.342,0.457,0.637,0.306,0.002
46594,2022-04-29 06:09:00,0.325,0.006,0.008,0.313,0.427,0.597,0.262,0.002
46595,2022-04-29 06:10:00,0.369,0.006,0.008,0.328,0.468,0.627,0.298,0.002
46596,2022-04-29 06:11:00,0.323,0.005,0.008,0.297,0.381,0.579,0.251,0.002
46597,2022-04-29 06:12:00,0.364,0.004,0.0069999999999999,0.325,0.412,0.631,0.295,0.002
46598,2022-04-29 06:13:00,0.354,0.003,0.008,0.313,0.42,0.612,0.288,0.002
46599,2022-04-29 06:14:00,0.352,0.003,0.008,0.323,0.421,0.628,0.275,0.002
46600,2022-04-29 06:15:00,0.388,0.003,0.008,0.343,0.449,0.659,0.312,0.002
46601,2022-04-29 06:16:00,0.351,0.004,0.008,0.327,0.427,0.61,0.269,0.002
46602,2022-04-29 06:17:00,0.375,0.006,0.008,0.351,0.458,0.64,0.311,0.002
46603,2022-04-29 06:18:00,0.335,0.006,0.008,0.323,0.421,0.596,0.283,0.002
46604,2022-04-29 06:19:00,0.335,0.006,0.009,0.335,0.43,0.612,0.284,0.002
46605,2022-04-29 06:20:00,0.346,0.006,0.009,0.338,0.437,0.623,0.282,0.002
46606,2022-04-29 06:21:00,0.34,0.006,0.009,0.33,0.437,0.618,0.288,0.002
46607,2022-04-29 06:22:00,0.339,0.006,0.009,0.353,0.461,0.632,0.268,0.002
46608,2022-04-29 06:23:00,0.342,0.0069999999999999,0.008,0.335,0.437,0.608,0.277,0.002
46609,2022-04-29 06:24:00,0.338,0.005,0.008,0.324,0.444,0.642,0.269,0.002
46610,2022-04-29 06:25:00,0.34,0.005,0.0069999999999999,0.327,0.435,0.619,0.272,0.002
46611,2022-04-29 06:26:00,0.353,0.005,0.008,0.337,0.448,0.652,0.278,0.002
46612,2022-04-29 06:27:00,0.361,0.005,0.008,0.34,0.46,0.642,0.287,0.002
46613,2022-04-29 06:28:00,0.356,0.005,0.008,0.361,0.497,0.669,0.281,0.002
46614,2022-04-29 06:29:00,0.382,0.005,0.008,0.385,0.505,0.691,0.327,0.002
46615,2022-04-29 06:30:00,0.351,0.008,0.008,0.359,0.477,0.659,0.301,0.002
46616,2022-04-29 06:31:00,0.366,0.008,0.008,0.369,0.501,0.681,0.305,0.002
46617,2022-04-29 06:32:00,0.375,0.008,0.008,0.371,0.483,0.682,0.294,0.003
46618,2022-04-29 06:33:00,0.364,0.0069999999999999,0.008,0.372,0.497,0.705,0.287,0.004
46619,2022-04-29 06:34:00,0.372,0.006,0.008,0.371,0.496,0.685,0.296,0.004
46620,2022-04-29 06:35:00,0.357,0.006,0.008,0.36,0.479,0.664,0.272,0.004
46621,2022-04-29 06:36:00,0.343,0.0069999999999999,0.008,0.36,0.488,0.649,0.287,0.004
46622,2022-04-29 06:37:00,0.343,0.0069999999999999,0.008,0.336,0.462,0.629,0.278,0.004
46623,2022-04-29 06:38:00,0.362,0.0069999999999999,0.008,0.344,0.456,0.643,0.293,0.004
46624,2022-04-29 06:39:00,0.339,0.0069999999999999,0.008,0.322,0.428,0.616,0.266,0.004
46625,2022-04-29 06:40:00,0.365,0.0069999999999999,0.008,0.341,0.465,0.652,0.289,0.004
46626,2022-04-29 06:41:00,0.384,0.0069999999999999,0.009,0.33,0.466,0.629,0.301,0.004
46627,2022-04-29 06:42:00,0.351,0.006,0.01,0.318,0.436,0.602,0.273,0.002
46628,2022-04-29 06:43:00,0.363,0.006,0.01,0.312,0.429,0.588,0.307,0.002
46629,2022-04-29 06:44:00,0.346,0.0069999999999999,0.01,0.309,0.419,0.584,0.284,0.002
46630,2022-04-29 06:45:00,0.363,0.0069999999999999,0.01,0.326,0.432,0.614,0.299,0.002
46631,2022-04-29 06:46:00,0.413,0.009,0.01,0.346,0.461,0.653,0.318,0.002
46632,2022-04-29 06:47:00,0.385,0.009,0.01,0.331,0.473,0.653,0.31,0.003
46633,2022-04-29 06:48:00,0.385,0.006,0.01,0.33,0.453,0.649,0.321,0.002
46634,2022-04-29 06:49:00,0.401,0.006,0.01,0.331,0.461,0.681,0.316,0.002
46635,2022-04-29 06:50:00,0.364,0.005,0.01,0.327,0.462,0.66,0.285,0.002
46636,2022-04-29 06:51:00,0.404,0.006,0.009,0.347,0.49,0.688,0.315,0.002
46637,2022-04-29 06:52:00,0.391,0.006,0.009,0.35,0.492,0.692,0.303,0.002
46638,2022-04-29 06:53:00,0.403,0.006,0.01,0.378,0.505,0.701,0.326,0.003
46639,2022-04-29 06:54:00,0.387,0.0069999999999999,0.009,0.361,0.487,0.664,0.297,0.003
46640,2022-04-29 06:55:00,0.396,0.008,0.01,0.369,0.517,0.683,0.334,0.003
46641,2022-04-29 06:56:00,0.369,0.008,0.009,0.342,0.478,0.643,0.313,0.003
46642,2022-04-29 06:57:00,0.387,0.008,0.01,0.365,0.507,0.673,0.333,0.003
46643,2022-04-29 06:58:00,0.361,0.008,0.009,0.352,0.488,0.652,0.307,0.003
46644,2022-04-29 06:59:00,0.38,0.008,0.01,0.356,0.475,0.653,0.323,0.003
46645,2022-04-29 07:00:00,0.364,0.009,0.01,0.335,0.441,0.602,0.3,0.003
46646,2022-04-29 07:01:00,0.351,0.006,0.008,0.324,0.436,0.61,0.293,0.002
46647,2022-04-29 07:02:00,0.33,0.006,0.008,0.315,0.41,0.598,0.266,0.003
46648,2022-04-29 07:03:00,0.342,0.006,0.008,0.318,0.418,0.61,0.284,0.002
46649,2022-04-29 07:04:00,0.343,0.006,0.008,0.32,0.413,0.6,0.292,0.002
46650,2022-04-29 07:05:00,0.318,0.006,0.008,0.294,0.366,0.552,0.258,0.002
46651,2022-04-29 07:06:00,0.345,0.0069999999999999,0.009,0.322,0.4,0.585,0.295,0.002
46652,2022-04-29 07:07:00,0.32,0.006,0.008,0.293,0.363,0.525,0.266,0.002
46653,2022-04-29 07:08:00,0.342,0.006,0.008,0.299,0.391,0.586,0.283,0.002
46654,2022-04-29 07:09:00,0.318,0.0069999999999999,0.008,0.281,0.371,0.543,0.262,0.002
46655,2022-04-29 07:10:00,0.336,0.0069999999999999,0.008,0.294,0.372,0.561,0.278,0.002
46656,2022-04-29 07:11:00,0.317,0.008,0.008,0.269,0.355,0.534,0.262,0.002
46657,2022-04-29 07:12:00,0.332,0.008,0.0069999999999999,0.274,0.35,0.536,0.259,0.002
46658,2022-04-29 07:13:00,0.342,0.008,0.008,0.268,0.355,0.509,0.269,0.002
46659,2022-04-29 07:14:00,0.314,0.008,0.008,0.254,0.342,0.487,0.253,0.002
46660,2022-04-29 07:15:00,0.333,0.0069999999999999,0.0069999999999999,0.284,0.368,0.552,0.271,0.002
46661,2022-04-29 07:16:00,0.302,0.005,0.0069999999999999,0.264,0.343,0.54,0.254,0.002
46662,2022-04-29 07:17:00,0.316,0.005,0.0069999999999999,0.288,0.357,0.565,0.262,0.002
46663,2022-04-29 07:18:00,0.33,0.0069999999999999,0.0069999999999999,0.296,0.359,0.579,0.272,0.002
46664,2022-04-29 07:19:00,0.319,0.006,0.006,0.273,0.342,0.561,0.257,0.002
46665,2022-04-29 07:20:00,0.354,0.0069999999999999,0.006,0.291,0.351,0.572,0.285,0.002
46666,2022-04-29 07:21:00,0.337,0.0069999999999999,0.006,0.27,0.335,0.542,0.263,0.002
46667,2022-04-29 07:22:00,0.35,0.0069999999999999,0.006,0.286,0.352,0.547,0.28,0.002
46668,2022-04-29 07:23:00,0.346,0.0069999999999999,0.0069999999999999,0.301,0.364,0.571,0.27,0.002
46669,2022-04-29 07:24:00,0.376,0.0069999999999999,0.009,0.311,0.386,0.583,0.28,0.003
46670,2022-04-29 07:25:00,0.38,0.006,0.009,0.31,0.388,0.577,0.284,0.003
46671,2022-04-29 07:26:00,0.368,0.006,0.01,0.319,0.375,0.568,0.286,0.003
46672,2022-04-29 07:27:00,0.398,0.005,0.01,0.313,0.404,0.589,0.308,0.003
46673,2022-04-29 07:28:00,0.346,0.005,0.01,0.3,0.387,0.562,0.282,0.003
